date_time,value
2019-06-01 00:00:00,0.0
2019-06-01 01:00:00,0.0
2019-06-01 02:00:00,0.0
2019-06-01 03:00:00,0.0
2019-06-01 04:00:00,0.0
2019-06-01 05:00:00,0.0
2019-06-01 06:00:00,0.0014724327861700389
2019-06-01 07:00:00,0.11228663358237444
2019-06-01 08:00:00,0.5068986202759448
2019-06-01 09:00:00,0.6090963625456727
2019-06-01 10:00:00,0.6579047826798277
2019-06-01 11:00:00,0.7802257730272127
2019-06-01 12:00:00,0.9008016578502481
2019-06-01 13:00:00,0.8918034574903201
2019-06-01 14:00:00,0.8854774499645526
2019-06-01 15:00:00,0.8664994273872498
2019-06-01 16:00:00,0.8050935267491955
2019-06-01 17:00:00,0.694442929595899
2019-06-01 18:00:00,0.25582156296013525
2019-06-01 19:00:00,0.11250477177291815
2019-06-01 20:00:00,0.01875988438675901
2019-06-01 21:00:00,0.0
2019-06-01 22:00:00,0.0
2019-06-01 23:00:00,0.0
2019-06-02 00:00:00,0.0
2019-06-02 01:00:00,0.0
2019-06-02 02:00:00,0.0
2019-06-02 03:00:00,0.0
2019-06-02 04:00:00,0.0
2019-06-02 05:00:00,0.0
2019-06-02 06:00:00,0.0006544145716311283
2019-06-02 07:00:00,0.07182199923651633
2019-06-02 08:00:00,0.2979767682827071
2019-06-02 09:00:00,0.3635272945410918
2019-06-02 10:00:00,0.4135900092708731
2019-06-02 11:00:00,0.5822108305611604
2019-06-02 12:00:00,0.6297104215520533
2019-06-02 13:00:00,0.6740470087800622
2019-06-02 14:00:00,0.7734634891203577
2019-06-02 15:00:00,0.7277090036538147
2019-06-02 16:00:00,0.642635109341768
2019-06-02 17:00:00,0.49391939793859413
2019-06-02 18:00:00,0.2797622293723073
2019-06-02 19:00:00,0.08561923978840595
2019-06-02 20:00:00,0.003653814691607133
2019-06-02 21:00:00,0.0
2019-06-02 22:00:00,0.0
2019-06-02 23:00:00,0.0
2019-06-03 00:00:00,0.0
2019-06-03 01:00:00,0.0
2019-06-03 02:00:00,0.0
2019-06-03 03:00:00,0.0
2019-06-03 04:00:00,0.0
2019-06-03 05:00:00,0.0
2019-06-03 06:00:00,0.0011452255003544746
2019-06-03 07:00:00,0.03942847794077548
2019-06-03 08:00:00,0.20205049899111086
2019-06-03 09:00:00,0.44036647216011343
2019-06-03 10:00:00,0.5771391176310192
2019-06-03 11:00:00,0.7584664885204777
2019-06-03 12:00:00,0.8462125756666848
2019-06-03 13:00:00,0.798712984675792
2019-06-03 14:00:00,0.7767900965261494
2019-06-03 15:00:00,0.747014233516933
2019-06-03 16:00:00,0.7760811474068822
2019-06-03 17:00:00,0.668920761302285
2019-06-03 18:00:00,0.427169111632219
2019-06-03 19:00:00,0.15635054807220372
2019-06-03 20:00:00,0.012324807765719583
2019-06-03 21:00:00,0.0
2019-06-03 22:00:00,0.0
2019-06-03 23:00:00,0.0
2019-06-04 00:00:00,0.0
2019-06-04 01:00:00,0.0
2019-06-04 02:00:00,0.0
2019-06-04 03:00:00,0.0
2019-06-04 04:00:00,0.0
2019-06-04 05:00:00,0.0
2019-06-04 06:00:00,0.0009816218574466924
2019-06-04 07:00:00,0.057697551398811144
2019-06-04 08:00:00,0.21453891039973821
2019-06-04 09:00:00,0.3898674810492447
2019-06-04 10:00:00,0.532257184926651
2019-06-04 11:00:00,0.6878442493319518
2019-06-04 12:00:00,0.7598298522113759
2019-06-04 13:00:00,0.8298522113759066
2019-06-04 14:00:00,0.8218901674210611
2019-06-04 15:00:00,0.7989856574139717
2019-06-04 16:00:00,0.7815891367181109
2019-06-04 17:00:00,0.6808638272345531
2019-06-04 18:00:00,0.4164803402955773
2019-06-04 19:00:00,0.11092326989147624
2019-06-04 20:00:00,0.007798440311937612
2019-06-04 21:00:00,0.0
2019-06-04 22:00:00,0.0
2019-06-04 23:00:00,0.0
2019-06-05 00:00:00,0.0
2019-06-05 01:00:00,0.0
2019-06-05 02:00:00,0.0
2019-06-05 03:00:00,0.0
2019-06-05 04:00:00,0.0
2019-06-05 05:00:00,0.0
2019-06-05 06:00:00,0.000599880023995201
2019-06-05 07:00:00,0.0845285488356874
2019-06-05 08:00:00,0.5635054807220373
2019-06-05 09:00:00,0.7711185035720128
2019-06-05 10:00:00,0.8178546108960026
2019-06-05 11:00:00,0.8654632709821671
2019-06-05 12:00:00,0.8932758902764901
2019-06-05 13:00:00,0.8886949882750722
2019-06-05 14:00:00,0.858101107051317
2019-06-05 15:00:00,0.7986039155805202
2019-06-05 16:00:00,0.7929323226263838
2019-06-05 17:00:00,0.6216938430495719
2019-06-05 18:00:00,0.2801985057533947
2019-06-05 19:00:00,0.09238152369526095
2019-06-05 20:00:00,0.007416698478486121
2019-06-05 21:00:00,0.0
2019-06-05 22:00:00,0.0
2019-06-05 23:00:00,0.0
2019-06-06 00:00:00,0.0
2019-06-06 01:00:00,0.0
2019-06-06 02:00:00,0.0
2019-06-06 03:00:00,0.0
2019-06-06 04:00:00,0.0
2019-06-06 05:00:00,0.0
2019-06-06 06:00:00,0.001254294595626329
2019-06-06 07:00:00,0.16474886840813657
2019-06-06 08:00:00,0.6486339095817201
2019-06-06 09:00:00,0.8344331133773245
2019-06-06 10:00:00,0.8905491628946938
2019-06-06 11:00:00,0.9119267055679773
2019-06-06 12:00:00,0.9159077275454
2019-06-06 13:00:00,0.9202159568086383
2019-06-06 14:00:00,0.9101816000436276
2019-06-06 15:00:00,0.8912581120139608
2019-06-06 16:00:00,0.8748432131755467
2019-06-06 17:00:00,0.829579538637727
2019-06-06 18:00:00,0.7321808365599607
2019-06-06 19:00:00,0.4124447837705186
2019-06-06 20:00:00,0.048372143753067566
2019-06-06 21:00:00,0.0
2019-06-06 22:00:00,0.0
2019-06-06 23:00:00,0.0
2019-06-07 00:00:00,0.0
2019-06-07 01:00:00,0.0
2019-06-07 02:00:00,0.0
2019-06-07 03:00:00,0.0
2019-06-07 04:00:00,0.0
2019-06-07 05:00:00,0.0
2019-06-07 06:00:00,0.0016360364290778208
2019-06-07 07:00:00,0.18149097453236626
2019-06-07 08:00:00,0.6436712657468506
2019-06-07 09:00:00,0.8131646397993127
2019-06-07 10:00:00,0.8754976277471779
2019-06-07 11:00:00,0.9069640617331078
2019-06-07 12:00:00,0.9193979385940994
2019-06-07 13:00:00,0.9186344549271963
2019-06-07 14:00:00,0.8884768500845286
2019-06-07 15:00:00,0.8210721492065223
2019-06-07 16:00:00,0.8116922070131428
2019-06-07 17:00:00,0.8059115449637345
2019-06-07 18:00:00,0.7118394502917598
2019-06-07 19:00:00,0.4011561324098817
2019-06-07 20:00:00,0.04144625620330479
2019-06-07 21:00:00,0.0
2019-06-07 22:00:00,0.0
2019-06-07 23:00:00,0.0
2019-06-08 00:00:00,0.0
2019-06-08 01:00:00,0.0
2019-06-08 02:00:00,0.0
2019-06-08 03:00:00,0.0
2019-06-08 04:00:00,0.0
2019-06-08 05:00:00,0.0
2019-06-08 06:00:00,0.0021813819054370943
2019-06-08 07:00:00,0.16965697769537003
2019-06-08 08:00:00,0.5970987620657687
2019-06-08 09:00:00,0.7541582592572394
2019-06-08 10:00:00,0.8050389922015597
2019-06-08 11:00:00,0.829525004090091
2019-06-08 12:00:00,0.8416862082129029
2019-06-08 13:00:00,0.8417952773081746
2019-06-08 14:00:00,0.8345967170202323
2019-06-08 15:00:00,0.8375961171402083
2019-06-08 16:00:00,0.8210721492065223
2019-06-08 17:00:00,0.7775535801930522
2019-06-08 18:00:00,0.6393630364836124
2019-06-08 19:00:00,0.2836341822544582
2019-06-08 20:00:00,0.033756884986639035
2019-06-08 21:00:00,0.0
2019-06-08 22:00:00,0.0
2019-06-08 23:00:00,0.0
2019-06-09 00:00:00,0.0
2019-06-09 01:00:00,0.0
2019-06-09 02:00:00,0.0
2019-06-09 03:00:00,0.0
2019-06-09 04:00:00,0.0
2019-06-09 05:00:00,0.0
2019-06-09 06:00:00,0.0016905709767137483
2019-06-09 07:00:00,0.14887931504608168
2019-06-09 08:00:00,0.5998800239952009
2019-06-09 09:00:00,0.7663194633800513
2019-06-09 10:00:00,0.8044391121775644
2019-06-09 11:00:00,0.7940230135791023
2019-06-09 12:00:00,0.8018759884386759
2019-06-09 13:00:00,0.7746087146207122
2019-06-09 14:00:00,0.7669738779516824
2019-06-09 15:00:00,0.7029503190271037
2019-06-09 16:00:00,0.6550144516551235
2019-06-09 17:00:00,0.5220592245187325
2019-06-09 18:00:00,0.3573103561105961
2019-06-09 19:00:00,0.20466815727763538
2019-06-09 20:00:00,0.025140426460162513
2019-06-09 21:00:00,0.0
2019-06-09 22:00:00,0.0
2019-06-09 23:00:00,0.0
2019-06-10 00:00:00,0.0
2019-06-10 01:00:00,0.0
2019-06-10 02:00:00,0.0
2019-06-10 03:00:00,0.0
2019-06-10 04:00:00,0.0
2019-06-10 05:00:00,0.0
2019-06-10 06:00:00,0.001199760047990402
2019-06-10 07:00:00,0.022468233626002074
2019-06-10 08:00:00,0.08283797785897366
2019-06-10 09:00:00,0.14844303866499425
2019-06-10 10:00:00,0.21083056116049517
2019-06-10 11:00:00,0.31499154714511646
2019-06-10 12:00:00,0.40022904510007085
2019-06-10 13:00:00,0.3615095162785624
2019-06-10 14:00:00,0.37405246223482574
2019-06-10 15:00:00,0.37868789878387954
2019-06-10 16:00:00,0.4235152969406119
2019-06-10 17:00:00,0.30506625947537763
2019-06-10 18:00:00,0.24900474450564433
2019-06-10 19:00:00,0.11675846648852047
2019-06-10 20:00:00,0.013742706004253693
2019-06-10 21:00:00,0.0
2019-06-10 22:00:00,0.0
2019-06-10 23:00:00,0.0
2019-06-11 00:00:00,0.0
2019-06-11 01:00:00,0.0
2019-06-11 02:00:00,0.0
2019-06-11 03:00:00,0.0
2019-06-11 04:00:00,0.0
2019-06-11 05:00:00,0.0
2019-06-11 06:00:00,0.000599880023995201
2019-06-11 07:00:00,0.03653814691607133
2019-06-11 08:00:00,0.19245241860718765
2019-06-11 09:00:00,0.35796477068222715
2019-06-11 10:00:00,0.40251949610077986
2019-06-11 11:00:00,0.5633418770791296
2019-06-11 12:00:00,0.7167475595789933
2019-06-11 13:00:00,0.7363799967279271
2019-06-11 14:00:00,0.7781534602170476
2019-06-11 15:00:00,0.7932049953645635
2019-06-11 16:00:00,0.7852429514097181
2019-06-11 17:00:00,0.786769918743524
2019-06-11 18:00:00,0.7118939848393958
2019-06-11 19:00:00,0.4212248459399029
2019-06-11 20:00:00,0.05589791132682554
2019-06-11 21:00:00,0.0
2019-06-11 22:00:00,0.0
2019-06-11 23:00:00,0.0
2019-06-12 00:00:00,0.0
2019-06-12 01:00:00,0.0
2019-06-12 02:00:00,0.0
2019-06-12 03:00:00,0.0
2019-06-12 04:00:00,0.0
2019-06-12 05:00:00,0.0
2019-06-12 06:00:00,0.0005453454763592736
2019-06-12 07:00:00,0.12270273218083656
2019-06-12 08:00:00,0.515787751540601
2019-06-12 09:00:00,0.7628292523313519
2019-06-12 10:00:00,0.7907509407209466
2019-06-12 11:00:00,0.8282161749468289
2019-06-12 12:00:00,0.8597371434803948
2019-06-12 13:00:00,0.8970387740633692
2019-06-12 14:00:00,0.8862954681790914
2019-06-12 15:00:00,0.9006380542073403
2019-06-12 16:00:00,0.9148715711403174
2019-06-12 17:00:00,0.8529748595735398
2019-06-12 18:00:00,0.6851175219501554
2019-06-12 19:00:00,0.35136609041827993
2019-06-12 20:00:00,0.04128265256039701
2019-06-12 21:00:00,0.0
2019-06-12 22:00:00,0.0
2019-06-12 23:00:00,0.0
2019-06-13 00:00:00,0.0
2019-06-13 01:00:00,0.0
2019-06-13 02:00:00,0.0
2019-06-13 03:00:00,0.0
2019-06-13 04:00:00,0.0
2019-06-13 05:00:00,0.0
2019-06-13 06:00:00,0.002563123738888586
2019-06-13 07:00:00,0.166657577575394
2019-06-13 08:00:00,0.5978622457326717
2019-06-13 09:00:00,0.7801712384795767
2019-06-13 10:00:00,0.8366690298303976
2019-06-13 11:00:00,0.8254894475650324
2019-06-13 12:00:00,0.8694442929595898
2019-06-13 13:00:00,0.8467033865954081
2019-06-13 14:00:00,0.846103506571413
2019-06-13 15:00:00,0.8660086164585264
2019-06-13 16:00:00,0.8668266346730653
2019-06-13 17:00:00,0.8540110159786224
2019-06-13 18:00:00,0.6865354201886895
2019-06-13 19:00:00,0.27359982548944756
2019-06-13 20:00:00,0.014669793314064459
2019-06-13 21:00:00,0.0
2019-06-13 22:00:00,0.0
2019-06-13 23:00:00,0.0
2019-06-14 00:00:00,0.0
2019-06-14 01:00:00,0.0
2019-06-14 02:00:00,0.0
2019-06-14 03:00:00,0.0
2019-06-14 04:00:00,0.0
2019-06-14 05:00:00,0.0
2019-06-14 06:00:00,0.0008725527621748377
2019-06-14 07:00:00,0.07438512297540492
2019-06-14 08:00:00,0.36821726563778157
2019-06-14 09:00:00,0.5814473468942575
2019-06-14 10:00:00,0.5882096308011124
2019-06-14 11:00:00,0.7129846757921143
2019-06-14 12:00:00,0.7527403610187053
2019-06-14 13:00:00,0.5528167093853956
2019-06-14 14:00:00,0.6708840050171784
2019-06-14 15:00:00,0.7720455908818237
2019-06-14 16:00:00,0.5938266892076131
2019-06-14 17:00:00,0.3603097562305721
2019-06-14 18:00:00,0.31073785242951407
2019-06-14 19:00:00,0.08414680700223592
2019-06-14 20:00:00,0.012924687789714784
2019-06-14 21:00:00,5.453454763592736e-05
2019-06-14 22:00:00,0.0
2019-06-14 23:00:00,0.0
2019-06-15 00:00:00,0.0
2019-06-15 01:00:00,0.0
2019-06-15 02:00:00,0.0
2019-06-15 03:00:00,0.0
2019-06-15 04:00:00,0.0
2019-06-15 05:00:00,0.0
2019-06-15 06:00:00,0.0008725527621748377
2019-06-15 07:00:00,0.1520423188089655
2019-06-15 08:00:00,0.5699405573430768
2019-06-15 09:00:00,0.7861155041718929
2019-06-15 10:00:00,0.8650269946010798
2019-06-15 11:00:00,0.903910127065496
2019-06-15 12:00:00,0.9133446038065114
2019-06-15 13:00:00,0.9113813600916181
2019-06-15 14:00:00,0.8846594317500136
2019-06-15 15:00:00,0.8437039864754321
2019-06-15 16:00:00,0.5936085510170693
2019-06-15 17:00:00,0.452691279925833
2019-06-15 18:00:00,0.5531984512188471
2019-06-15 19:00:00,0.30337568849866386
2019-06-15 20:00:00,0.041391721655668866
2019-06-15 21:00:00,0.0
2019-06-15 22:00:00,0.0
2019-06-15 23:00:00,0.0
2019-06-16 00:00:00,0.0
2019-06-16 01:00:00,0.0
2019-06-16 02:00:00,0.0
2019-06-16 03:00:00,0.0
2019-06-16 04:00:00,0.0
2019-06-16 05:00:00,0.0
2019-06-16 06:00:00,0.0003817418334514915
2019-06-16 07:00:00,0.0885095708131101
2019-06-16 08:00:00,0.47783170638599554
2019-06-16 09:00:00,0.6558324698696624
2019-06-16 10:00:00,0.801003435676501
2019-06-16 11:00:00,0.8406500518078203
2019-06-16 12:00:00,0.7864427114577084
2019-06-16 13:00:00,0.7955499809129083
2019-06-16 14:00:00,0.8471941975241315
2019-06-16 15:00:00,0.8629001472432786
2019-06-16 16:00:00,0.8497027867153841
2019-06-16 17:00:00,0.8006216938430495
2019-06-16 18:00:00,0.6922615476904619
2019-06-16 19:00:00,0.3992474232426242
2019-06-16 20:00:00,0.05524349675519441
2019-06-16 21:00:00,0.0
2019-06-16 22:00:00,0.0
2019-06-16 23:00:00,0.0
2019-06-17 00:00:00,0.0
2019-06-17 01:00:00,0.0
2019-06-17 02:00:00,0.0
2019-06-17 03:00:00,0.0
2019-06-17 04:00:00,0.0
2019-06-17 05:00:00,0.0
2019-06-17 06:00:00,0.0009270873098107651
2019-06-17 07:00:00,0.09112722909963461
2019-06-17 08:00:00,0.39357583028848775
2019-06-17 09:00:00,0.5253858319245241
2019-06-17 10:00:00,0.6529966733925943
2019-06-17 11:00:00,0.7966952064132629
2019-06-17 12:00:00,0.883514206249659
2019-06-17 13:00:00,0.7915689589354856
2019-06-17 14:00:00,0.5170965806838632
2019-06-17 15:00:00,0.46021704749959097
2019-06-17 16:00:00,0.36314555270764026
2019-06-17 17:00:00,0.3218629001472433
2019-06-17 18:00:00,0.2757266728472487
2019-06-17 19:00:00,0.11714020832197197
2019-06-17 20:00:00,0.018868953482030867
2019-06-17 21:00:00,0.0
2019-06-17 22:00:00,0.0
2019-06-17 23:00:00,0.0
2019-06-18 00:00:00,0.0
2019-06-18 01:00:00,0.0
2019-06-18 02:00:00,0.0
2019-06-18 03:00:00,0.0
2019-06-18 04:00:00,0.0
2019-06-18 05:00:00,0.0
2019-06-18 06:00:00,0.001254294595626329
2019-06-18 07:00:00,0.13360964170802203
2019-06-18 08:00:00,0.43524022468233625
2019-06-18 09:00:00,0.7663739979276871
2019-06-18 10:00:00,0.8555925178600644
2019-06-18 11:00:00,0.8718983476032066
2019-06-18 12:00:00,0.9018923488029666
2019-06-18 13:00:00,0.8985657413971752
2019-06-18 14:00:00,0.6089872934504008
2019-06-18 15:00:00,0.3731799094726509
2019-06-18 16:00:00,0.3126465615967715
2019-06-18 17:00:00,0.2836887168020941
2019-06-18 18:00:00,0.343131373725255
2019-06-18 19:00:00,0.29126901892348805
2019-06-18 20:00:00,0.05224409663521841
2019-06-18 21:00:00,0.0
2019-06-18 22:00:00,0.0
2019-06-18 23:00:00,0.0
2019-06-19 00:00:00,0.0
2019-06-19 01:00:00,0.0
2019-06-19 02:00:00,0.0
2019-06-19 03:00:00,0.0
2019-06-19 04:00:00,0.0
2019-06-19 05:00:00,0.0
2019-06-19 06:00:00,0.000763483666902983
2019-06-19 07:00:00,0.14887931504608168
2019-06-19 08:00:00,0.5669956917707367
2019-06-19 09:00:00,0.7902055952445874
2019-06-19 10:00:00,0.8589191252658559
2019-06-19 11:00:00,0.885804657250368
2019-06-19 12:00:00,0.891912526585592
2019-06-19 13:00:00,0.8811692207013142
2019-06-19 14:00:00,0.8516114958826416
2019-06-19 15:00:00,0.8160004362763811
2019-06-19 16:00:00,0.798712984675792
2019-06-19 17:00:00,0.7002235916453072
2019-06-19 18:00:00,0.4292959589900202
2019-06-19 19:00:00,0.2352620385013906
2019-06-19 20:00:00,0.03986475432186289
2019-06-19 21:00:00,0.0
2019-06-19 22:00:00,0.0
2019-06-19 23:00:00,0.0
2019-06-20 00:00:00,0.0
2019-06-20 01:00:00,0.0
2019-06-20 02:00:00,0.0
2019-06-20 03:00:00,0.0
2019-06-20 04:00:00,0.0
2019-06-20 05:00:00,0.0
2019-06-20 06:00:00,0.0009270873098107651
2019-06-20 07:00:00,0.1600588973114468
2019-06-20 08:00:00,0.5819926923706168
2019-06-20 09:00:00,0.7739543000490811
2019-06-20 10:00:00,0.8332333533293341
2019-06-20 11:00:00,0.8676446528876043
2019-06-20 12:00:00,0.8861318645361838
2019-06-20 13:00:00,0.8883132464416208
2019-06-20 14:00:00,0.8773518023667993
2019-06-20 15:00:00,0.8660631510061624
2019-06-20 16:00:00,0.7760811474068822
2019-06-20 17:00:00,0.715493264983367
2019-06-20 18:00:00,0.62011234116813
2019-06-20 19:00:00,0.36254567268364507
2019-06-20 20:00:00,0.04739052189562088
2019-06-20 21:00:00,0.0
2019-06-20 22:00:00,0.0
2019-06-20 23:00:00,0.0
2019-06-21 00:00:00,0.0
2019-06-21 01:00:00,0.0
2019-06-21 02:00:00,0.0
2019-06-21 03:00:00,0.0
2019-06-21 04:00:00,0.0
2019-06-21 05:00:00,0.0
2019-06-21 06:00:00,0.0006544145716311283
2019-06-21 07:00:00,0.11833996836996237
2019-06-21 08:00:00,0.47439602988493207
2019-06-21 09:00:00,0.7140753667448329
2019-06-21 10:00:00,0.8003490211048698
2019-06-21 11:00:00,0.8359600807111305
2019-06-21 12:00:00,0.8686262747450509
2019-06-21 13:00:00,0.8736979876751921
2019-06-21 14:00:00,0.7963134645798113
2019-06-21 15:00:00,0.6439984730326662
2019-06-21 16:00:00,0.6687026231117413
2019-06-21 17:00:00,0.56454163712712
2019-06-21 18:00:00,0.43889403937394333
2019-06-21 19:00:00,0.13230081256475976
2019-06-21 20:00:00,0.025903910127065496
2019-06-21 21:00:00,0.0003817418334514915
2019-06-21 22:00:00,0.0
2019-06-21 23:00:00,0.0
2019-06-22 00:00:00,0.0
2019-06-22 01:00:00,0.0
2019-06-22 02:00:00,0.0
2019-06-22 03:00:00,0.0
2019-06-22 04:00:00,0.0
2019-06-22 05:00:00,0.0
2019-06-22 06:00:00,0.0004362763810874189
2019-06-22 07:00:00,0.05764301685117522
2019-06-22 08:00:00,0.4425478540655505
2019-06-22 09:00:00,0.6763374597807711
2019-06-22 10:00:00,0.7285815564159895
2019-06-22 11:00:00,0.7388885859191798
2019-06-22 12:00:00,0.807002235916453
2019-06-22 13:00:00,0.8164912472051045
2019-06-22 14:00:00,0.823580738397775
2019-06-22 15:00:00,0.8269618803512025
2019-06-22 16:00:00,0.8033484212248458
2019-06-22 17:00:00,0.6699569177073676
2019-06-22 18:00:00,0.5414735234771227
2019-06-22 19:00:00,0.25145879914926106
2019-06-22 20:00:00,0.0231226481976332
2019-06-22 21:00:00,0.0
2019-06-22 22:00:00,0.0
2019-06-22 23:00:00,0.0
2019-06-23 00:00:00,0.0
2019-06-23 01:00:00,0.0
2019-06-23 02:00:00,0.0
2019-06-23 03:00:00,0.0
2019-06-23 04:00:00,0.0
2019-06-23 05:00:00,0.0
2019-06-23 06:00:00,0.0004362763810874189
2019-06-23 07:00:00,0.099852756721383
2019-06-23 08:00:00,0.4776135681954518
2019-06-23 09:00:00,0.6690843649451929
2019-06-23 10:00:00,0.767246550689862
2019-06-23 11:00:00,0.8001308829143262
2019-06-23 12:00:00,0.8128374325134973
2019-06-23 13:00:00,0.8525931177400884
2019-06-23 14:00:00,0.8603915580520259
2019-06-23 15:00:00,0.8399411026885532
2019-06-23 16:00:00,0.814582538037847
2019-06-23 17:00:00,0.7390521895620876
2019-06-23 18:00:00,0.6296013524567814
2019-06-23 19:00:00,0.3982112668375416
2019-06-23 20:00:00,0.06244205704313682
2019-06-23 21:00:00,0.0
2019-06-23 22:00:00,0.0
2019-06-23 23:00:00,0.0
2019-06-24 00:00:00,0.0
2019-06-24 01:00:00,0.0
2019-06-24 02:00:00,0.0
2019-06-24 03:00:00,0.0
2019-06-24 04:00:00,0.0
2019-06-24 05:00:00,0.0
2019-06-24 06:00:00,0.0004908109287233462
2019-06-24 07:00:00,0.12641108142007962
2019-06-24 08:00:00,0.5204777226372908
2019-06-24 09:00:00,0.6955336205486176
2019-06-24 10:00:00,0.7759720783116104
2019-06-24 11:00:00,0.7989311228663358
2019-06-24 12:00:00,0.8133827779898566
2019-06-24 13:00:00,0.8118558106560506
2019-06-24 14:00:00,0.7939139444838305
2019-06-24 15:00:00,0.771772918143644
2019-06-24 16:00:00,0.7696460707858428
2019-06-24 17:00:00,0.7014778862409335
2019-06-24 18:00:00,0.6246932431695479
2019-06-24 19:00:00,0.3829415934994819
2019-06-24 20:00:00,0.05066259475377652
2019-06-24 21:00:00,0.0
2019-06-24 22:00:00,0.0
2019-06-24 23:00:00,0.0
2019-06-25 00:00:00,0.0
2019-06-25 01:00:00,0.0
2019-06-25 02:00:00,0.0
2019-06-25 03:00:00,0.0
2019-06-25 04:00:00,0.0
2019-06-25 05:00:00,0.0
2019-06-25 06:00:00,0.0009270873098107651
2019-06-25 07:00:00,0.10508807329443201
2019-06-25 08:00:00,0.5096798822053771
2019-06-25 09:00:00,0.7517587391612587
2019-06-25 10:00:00,0.8546108960026176
2019-06-25 11:00:00,0.8802421333915035
2019-06-25 12:00:00,0.8748977477231826
2019-06-25 13:00:00,0.8665539619348858
2019-06-25 14:00:00,0.8304520913999018
2019-06-25 15:00:00,0.7082401701477886
2019-06-25 16:00:00,0.515787751540601
2019-06-25 17:00:00,0.5524349675519441
2019-06-25 18:00:00,0.45999890930904724
2019-06-25 19:00:00,0.21333915035174783
2019-06-25 20:00:00,0.050117249277417245
2019-06-25 21:00:00,0.0
2019-06-25 22:00:00,0.0
2019-06-25 23:00:00,0.0
2019-06-26 00:00:00,0.0
2019-06-26 01:00:00,0.0
2019-06-26 02:00:00,0.0
2019-06-26 03:00:00,0.0
2019-06-26 04:00:00,0.0
2019-06-26 05:00:00,0.0
2019-06-26 06:00:00,0.0010906909527185471
2019-06-26 07:00:00,0.0887277090036538
2019-06-26 08:00:00,0.35583792332442604
2019-06-26 09:00:00,0.49719147079674975
2019-06-26 10:00:00,0.67568304520914
2019-06-26 11:00:00,0.8079838577738997
2019-06-26 12:00:00,0.8792605115340568
2019-06-26 13:00:00,0.8700441729835852
2019-06-26 14:00:00,0.8574466924796859
2019-06-26 15:00:00,0.8519387031684572
2019-06-26 16:00:00,0.8479031466433985
2019-06-26 17:00:00,0.7945683590554616
2019-06-26 18:00:00,0.646343458581011
2019-06-26 19:00:00,0.39297595026449256
2019-06-26 20:00:00,0.03877406336914435
2019-06-26 21:00:00,0.0
2019-06-26 22:00:00,0.0
2019-06-26 23:00:00,0.0
2019-06-27 00:00:00,0.0
2019-06-27 01:00:00,0.0
2019-06-27 02:00:00,0.0
2019-06-27 03:00:00,0.0
2019-06-27 04:00:00,0.0
2019-06-27 05:00:00,0.0
2019-06-27 06:00:00,0.000763483666902983
2019-06-27 07:00:00,0.07929323226263839
2019-06-27 08:00:00,0.23002672192834162
2019-06-27 09:00:00,0.4251513333696897
2019-06-27 10:00:00,0.5742487866063151
2019-06-27 11:00:00,0.696678846048972
2019-06-27 12:00:00,0.7723182636200033
2019-06-27 13:00:00,0.7682827070949446
2019-06-27 14:00:00,0.7881878169820581
2019-06-27 15:00:00,0.7852974859573539
2019-06-27 16:00:00,0.80182145389104
2019-06-27 17:00:00,0.7605388013306429
2019-06-27 18:00:00,0.601297922233735
2019-06-27 19:00:00,0.3432949773681627
2019-06-27 20:00:00,0.033102470415007905
2019-06-27 21:00:00,0.0
2019-06-27 22:00:00,0.0
2019-06-27 23:00:00,0.0
2019-06-28 00:00:00,0.0
2019-06-28 01:00:00,0.0
2019-06-28 02:00:00,0.0
2019-06-28 03:00:00,0.0
2019-06-28 04:00:00,0.0
2019-06-28 05:00:00,0.0
2019-06-28 06:00:00,0.000763483666902983
2019-06-28 07:00:00,0.07411245023722528
2019-06-28 08:00:00,0.4228063478213448
2019-06-28 09:00:00,0.6392539673883405
2019-06-28 10:00:00,0.8141462616567596
2019-06-28 11:00:00,0.8754976277471779
2019-06-28 12:00:00,0.8896220755848829
2019-06-28 13:00:00,0.882805257130392
2019-06-28 14:00:00,0.873807056770464
2019-06-28 15:00:00,0.8657904782679827
2019-06-28 16:00:00,0.8492665103342967
2019-06-28 17:00:00,0.8165457817527403
2019-06-28 18:00:00,0.7044772863609096
2019-06-28 19:00:00,0.4058461035065714
2019-06-28 20:00:00,0.054261874897747725
2019-06-28 21:00:00,0.0
2019-06-28 22:00:00,0.0
2019-06-28 23:00:00,0.0
2019-06-29 00:00:00,0.0
2019-06-29 01:00:00,0.0
2019-06-29 02:00:00,0.0
2019-06-29 03:00:00,0.0
2019-06-29 04:00:00,0.0
2019-06-29 05:00:00,0.0
2019-06-29 06:00:00,0.0006544145716311283
2019-06-29 07:00:00,0.14266237661558598
2019-06-29 08:00:00,0.5770300485357474
2019-06-29 09:00:00,0.8053116649397394
2019-06-29 10:00:00,0.8747886786279108
2019-06-29 11:00:00,0.9094181163767245
2019-06-29 12:00:00,0.9111632219010742
2019-06-29 13:00:00,0.8924578720619513
2019-06-29 14:00:00,0.8804057370344113
2019-06-29 15:00:00,0.8682990674592355
2019-06-29 16:00:00,0.8616458526476523
2019-06-29 17:00:00,0.8372689098543927
2019-06-29 18:00:00,0.7308720074166984
2019-06-29 19:00:00,0.4337677918961662
2019-06-29 20:00:00,0.06462343894857392
2019-06-29 21:00:00,0.0
2019-06-29 22:00:00,0.0
2019-06-29 23:00:00,0.0
2019-06-30 00:00:00,0.0
2019-06-30 01:00:00,0.0
2019-06-30 02:00:00,0.0
2019-06-30 03:00:00,0.0
2019-06-30 04:00:00,0.0
2019-06-30 05:00:00,0.0
2019-06-30 06:00:00,0.0007089491192670557
2019-06-30 07:00:00,0.12515678682445328
2019-06-30 08:00:00,0.515733216992965
2019-06-30 09:00:00,0.7198560287942412
2019-06-30 10:00:00,0.7914053552925778
2019-06-30 11:00:00,0.8339423024486012
2019-06-30 12:00:00,0.8648088564105361
2019-06-30 13:00:00,0.8434858482848885
2019-06-30 14:00:00,0.8525385831924523
2019-06-30 15:00:00,0.7961498609369035
2019-06-30 16:00:00,0.7001145225500354
2019-06-30 17:00:00,0.5229317772809075
2019-06-30 18:00:00,0.32617112941048154
2019-06-30 19:00:00,0.1295740851829634
2019-06-30 20:00:00,0.033702350439003104
2019-06-30 21:00:00,0.00016360364290778206
2019-06-30 22:00:00,0.0
2019-06-30 23:00:00,0.0
2019-07-01 00:00:00,0.0
2019-07-01 01:00:00,0.0
2019-07-01 02:00:00,0.0
2019-07-01 03:00:00,0.0
2019-07-01 04:00:00,0.0
2019-07-01 05:00:00,0.0
2019-07-01 06:00:00,0.0006544145716311283
2019-07-01 07:00:00,0.1258112013960844
2019-07-01 08:00:00,0.557015869553362
2019-07-01 09:00:00,0.7953863772700005
2019-07-01 10:00:00,0.8674810492446965
2019-07-01 11:00:00,0.8999836396357092
2019-07-01 12:00:00,0.9184708512842886
2019-07-01 13:00:00,0.9047281452800349
2019-07-01 14:00:00,0.8909854392757811
2019-07-01 15:00:00,0.8834051371543873
2019-07-01 16:00:00,0.8536838086928069
2019-07-01 17:00:00,0.7971860173419861
2019-07-01 18:00:00,0.7293995746305284
2019-07-01 19:00:00,0.4201886895348203
2019-07-01 20:00:00,0.06031520968533566
2019-07-01 21:00:00,0.0
2019-07-01 22:00:00,0.0
2019-07-01 23:00:00,0.0
2019-07-02 00:00:00,0.0
2019-07-02 01:00:00,0.0
2019-07-02 02:00:00,0.0
2019-07-02 03:00:00,0.0
2019-07-02 04:00:00,0.0
2019-07-02 05:00:00,0.0
2019-07-02 06:00:00,0.0008180182145389104
2019-07-02 07:00:00,0.0757484866663031
2019-07-02 08:00:00,0.321317554670884
2019-07-02 09:00:00,0.5913726345639964
2019-07-02 10:00:00,0.6611768555379833
2019-07-02 11:00:00,0.7200741669847849
2019-07-02 12:00:00,0.7625020450455363
2019-07-02 13:00:00,0.7856246932431695
2019-07-02 14:00:00,0.6875170420461363
2019-07-02 15:00:00,0.5003544745596336
2019-07-02 16:00:00,0.6419806947701369
2019-07-02 17:00:00,0.7202923051753285
2019-07-02 18:00:00,0.7031684572176474
2019-07-02 19:00:00,0.38375961171402084
2019-07-02 20:00:00,0.051698751158859135
2019-07-02 21:00:00,0.0
2019-07-02 22:00:00,0.0
2019-07-02 23:00:00,0.0
2019-07-03 00:00:00,0.0
2019-07-03 01:00:00,0.0
2019-07-03 02:00:00,0.0
2019-07-03 03:00:00,0.0
2019-07-03 04:00:00,0.0
2019-07-03 05:00:00,0.0
2019-07-03 06:00:00,0.0005453454763592736
2019-07-03 07:00:00,0.09690789114904291
2019-07-03 08:00:00,0.4152260456999509
2019-07-03 09:00:00,0.6982603479304139
2019-07-03 10:00:00,0.8088564105360746
2019-07-03 11:00:00,0.8300703495664503
2019-07-03 12:00:00,0.8539564814309866
2019-07-03 13:00:00,0.870807656650488
2019-07-03 14:00:00,0.879805857010416
2019-07-03 15:00:00,0.8240170147788624
2019-07-03 16:00:00,0.7603206631400993
2019-07-03 17:00:00,0.7658831869989638
2019-07-03 18:00:00,0.623111741288106
2019-07-03 19:00:00,0.360364290778208
2019-07-03 20:00:00,0.03986475432186289
2019-07-03 21:00:00,0.0
2019-07-03 22:00:00,0.0
2019-07-03 23:00:00,0.0
2019-07-04 00:00:00,0.0
2019-07-04 01:00:00,0.0
2019-07-04 02:00:00,0.0
2019-07-04 03:00:00,0.0
2019-07-04 04:00:00,0.0
2019-07-04 05:00:00,0.0
2019-07-04 06:00:00,0.0002726727381796368
2019-07-04 07:00:00,0.06424169711512243
2019-07-04 08:00:00,0.2889240333751431
2019-07-04 09:00:00,0.645579974914108
2019-07-04 10:00:00,0.825053171183945
2019-07-04 11:00:00,0.8728799694606533
2019-07-04 12:00:00,0.9065277853520205
2019-07-04 13:00:00,0.9148715711403174
2019-07-04 14:00:00,0.8868953482030866
2019-07-04 15:00:00,0.8705895184599444
2019-07-04 16:00:00,0.8189453018487212
2019-07-04 17:00:00,0.7910236134591263
2019-07-04 18:00:00,0.7443965752304085
2019-07-04 19:00:00,0.40540982712548396
2019-07-04 20:00:00,0.04204613622729999
2019-07-04 21:00:00,0.0
2019-07-04 22:00:00,0.0
2019-07-04 23:00:00,0.0
2019-07-05 00:00:00,0.0
2019-07-05 01:00:00,0.0
2019-07-05 02:00:00,0.0
2019-07-05 03:00:00,0.0
2019-07-05 04:00:00,0.0
2019-07-05 05:00:00,0.0
2019-07-05 06:00:00,0.000599880023995201
2019-07-05 07:00:00,0.10372470960353383
2019-07-05 08:00:00,0.373125374925015
2019-07-05 09:00:00,0.611877624475105
2019-07-05 10:00:00,0.802475868462671
2019-07-05 11:00:00,0.8937667012052135
2019-07-05 12:00:00,0.9202159568086383
2019-07-05 13:00:00,0.9161804002835796
2019-07-05 14:00:00,0.9102906691388994
2019-07-05 15:00:00,0.8889131264656159
2019-07-05 16:00:00,0.8750613513660903
2019-07-05 17:00:00,0.8194361127774444
2019-07-05 18:00:00,0.6439439384850302
2019-07-05 19:00:00,0.33380596607951135
2019-07-05 20:00:00,0.031248295795386374
2019-07-05 21:00:00,0.0
2019-07-05 22:00:00,0.0
2019-07-05 23:00:00,0.0
2019-07-06 00:00:00,0.0
2019-07-06 01:00:00,0.0
2019-07-06 02:00:00,0.0
2019-07-06 03:00:00,0.0
2019-07-06 04:00:00,0.0
2019-07-06 05:00:00,0.0
2019-07-06 06:00:00,0.000599880023995201
2019-07-06 07:00:00,0.0825107705731581
2019-07-06 08:00:00,0.4064459835305666
2019-07-06 09:00:00,0.6624311501336096
2019-07-06 10:00:00,0.7694279325952992
2019-07-06 11:00:00,0.8612641108142007
2019-07-06 12:00:00,0.8561378633364236
2019-07-06 13:00:00,0.8742433331515514
2019-07-06 14:00:00,0.8062387522495501
2019-07-06 15:00:00,0.6907345803566559
2019-07-06 16:00:00,0.5481267382887058
2019-07-06 17:00:00,0.35349293777608115
2019-07-06 18:00:00,0.24093363145552707
2019-07-06 19:00:00,0.15498718438130554
2019-07-06 20:00:00,0.02535856465070622
2019-07-06 21:00:00,0.0
2019-07-06 22:00:00,0.0
2019-07-06 23:00:00,0.0
2019-07-07 00:00:00,0.0
2019-07-07 01:00:00,0.0
2019-07-07 02:00:00,0.0
2019-07-07 03:00:00,0.0
2019-07-07 04:00:00,0.0
2019-07-07 05:00:00,0.0
2019-07-07 06:00:00,0.0004362763810874189
2019-07-07 07:00:00,0.033593281343731254
2019-07-07 08:00:00,0.17118394502917597
2019-07-07 09:00:00,0.28859682608932763
2019-07-07 10:00:00,0.6080602061405901
2019-07-07 11:00:00,0.8503026667393794
2019-07-07 12:00:00,0.8289251240660959
2019-07-07 13:00:00,0.6234389485739216
2019-07-07 14:00:00,0.535256585046627
2019-07-07 15:00:00,0.46692479685881005
2019-07-07 16:00:00,0.3287342531493701
2019-07-07 17:00:00,0.2766537601570595
2019-07-07 18:00:00,0.25124066095871733
2019-07-07 19:00:00,0.1313191907073131
2019-07-07 20:00:00,0.02993946665212412
2019-07-07 21:00:00,0.0
2019-07-07 22:00:00,0.0
2019-07-07 23:00:00,0.0
2019-07-08 00:00:00,0.0
2019-07-08 01:00:00,0.0
2019-07-08 02:00:00,0.0
2019-07-08 03:00:00,0.0
2019-07-08 04:00:00,0.0
2019-07-08 05:00:00,0.0
2019-07-08 06:00:00,0.0003817418334514915
2019-07-08 07:00:00,0.102852156841359
2019-07-08 08:00:00,0.5056988602279544
2019-07-08 09:00:00,0.7354529094181164
2019-07-08 10:00:00,0.8031848175819382
2019-07-08 11:00:00,0.7968042755085346
2019-07-08 12:00:00,0.7887876970060533
2019-07-08 13:00:00,0.69068004580902
2019-07-08 14:00:00,0.6798276708294704
2019-07-08 15:00:00,0.6637399792768718
2019-07-08 16:00:00,0.5613240988166003
2019-07-08 17:00:00,0.5234771227572667
2019-07-08 18:00:00,0.5046081692752358
2019-07-08 19:00:00,0.3097016960244315
2019-07-08 20:00:00,0.045372743633091565
2019-07-08 21:00:00,0.0
2019-07-08 22:00:00,0.0
2019-07-08 23:00:00,0.0
2019-07-09 00:00:00,0.0
2019-07-09 01:00:00,0.0
2019-07-09 02:00:00,0.0
2019-07-09 03:00:00,0.0
2019-07-09 04:00:00,0.0
2019-07-09 05:00:00,0.0
2019-07-09 06:00:00,0.0004362763810874189
2019-07-09 07:00:00,0.10176146588864045
2019-07-09 08:00:00,0.5236407264001746
2019-07-09 09:00:00,0.7555761574957736
2019-07-09 10:00:00,0.846103506571413
2019-07-09 11:00:00,0.8889676610132519
2019-07-09 12:00:00,0.9111632219010742
2019-07-09 13:00:00,0.876097507771173
2019-07-09 14:00:00,0.8627910781480067
2019-07-09 15:00:00,0.81387358891858
2019-07-09 16:00:00,0.6530512079402301
2019-07-09 17:00:00,0.5580520259584446
2019-07-09 18:00:00,0.6056606860446092
2019-07-09 19:00:00,0.3399683699623711
2019-07-09 20:00:00,0.05922451873261711
2019-07-09 21:00:00,0.0
2019-07-09 22:00:00,0.0
2019-07-09 23:00:00,0.0
2019-07-10 00:00:00,0.0
2019-07-10 01:00:00,0.0
2019-07-10 02:00:00,0.0
2019-07-10 03:00:00,0.0
2019-07-10 04:00:00,0.0
2019-07-10 05:00:00,0.0
2019-07-10 06:00:00,0.0004908109287233462
2019-07-10 07:00:00,0.13344603806511424
2019-07-10 08:00:00,0.5991710748759339
2019-07-10 09:00:00,0.8426678300703496
2019-07-10 10:00:00,0.9065823198996564
2019-07-10 11:00:00,0.9212521132137208
2019-07-10 12:00:00,0.9210885095708131
2019-07-10 13:00:00,0.9099634618530839
2019-07-10 14:00:00,0.9063641817091127
2019-07-10 15:00:00,0.8624093363145553
2019-07-10 16:00:00,0.8065659595353656
2019-07-10 17:00:00,0.790587337078039
2019-07-10 18:00:00,0.6789551180672956
2019-07-10 19:00:00,0.3714893384959372
2019-07-10 20:00:00,0.051371543873043574
2019-07-10 21:00:00,0.0
2019-07-10 22:00:00,0.0
2019-07-10 23:00:00,0.0
2019-07-11 00:00:00,0.0
2019-07-11 01:00:00,0.0
2019-07-11 02:00:00,0.0
2019-07-11 03:00:00,0.0
2019-07-11 04:00:00,0.0
2019-07-11 05:00:00,0.0
2019-07-11 06:00:00,0.0004908109287233462
2019-07-11 07:00:00,0.09161804002835797
2019-07-11 08:00:00,0.5094617440148335
2019-07-11 09:00:00,0.749959099089273
2019-07-11 10:00:00,0.8364508916398538
2019-07-11 11:00:00,0.8971478431586409
2019-07-11 12:00:00,0.9094726509243606
2019-07-11 13:00:00,0.9056552325898457
2019-07-11 14:00:00,0.8889676610132519
2019-07-11 15:00:00,0.846048972023777
2019-07-11 16:00:00,0.7743360418825326
2019-07-11 17:00:00,0.7205104433658723
2019-07-11 18:00:00,0.6507607569395212
2019-07-11 19:00:00,0.3103015760484267
2019-07-11 20:00:00,0.013906309647161476
2019-07-11 21:00:00,0.0
2019-07-11 22:00:00,0.0
2019-07-11 23:00:00,0.0
2019-07-12 00:00:00,0.0
2019-07-12 01:00:00,0.0
2019-07-12 02:00:00,0.0
2019-07-12 03:00:00,0.0
2019-07-12 04:00:00,0.0
2019-07-12 05:00:00,0.0
2019-07-12 06:00:00,0.000599880023995201
2019-07-12 07:00:00,0.11217756448710257
2019-07-12 08:00:00,0.5468179091454437
2019-07-12 09:00:00,0.8038392321535692
2019-07-12 10:00:00,0.8801330642962317
2019-07-12 11:00:00,0.892676010252495
2019-07-12 12:00:00,0.8661176855537983
2019-07-12 13:00:00,0.7631019250695315
2019-07-12 14:00:00,0.7590118339968369
2019-07-12 15:00:00,0.7386159131810002
2019-07-12 16:00:00,0.614822490047445
2019-07-12 17:00:00,0.4503462943774881
2019-07-12 18:00:00,0.28968751704204615
2019-07-12 19:00:00,0.17516496700659867
2019-07-12 20:00:00,0.02661285924633255
2019-07-12 21:00:00,0.0
2019-07-12 22:00:00,0.0
2019-07-12 23:00:00,0.0
2019-07-13 00:00:00,0.0
2019-07-13 01:00:00,0.0
2019-07-13 02:00:00,0.0
2019-07-13 03:00:00,0.0
2019-07-13 04:00:00,0.0
2019-07-13 05:00:00,0.0
2019-07-13 06:00:00,0.000599880023995201
2019-07-13 07:00:00,0.09390849102906691
2019-07-13 08:00:00,0.36783552380433004
2019-07-13 09:00:00,0.6405082619839668
2019-07-13 10:00:00,0.8036756285106615
2019-07-13 11:00:00,0.8284888476850084
2019-07-13 12:00:00,0.8199814582538038
2019-07-13 13:00:00,0.8276162949228335
2019-07-13 14:00:00,0.7973496209848938
2019-07-13 15:00:00,0.7343076839177619
2019-07-13 16:00:00,0.7448873861591319
2019-07-13 17:00:00,0.6968969842395157
2019-07-13 18:00:00,0.5650324480558433
2019-07-13 19:00:00,0.2522768173638
2019-07-13 20:00:00,0.0219228881496428
2019-07-13 21:00:00,0.0
2019-07-13 22:00:00,0.0
2019-07-13 23:00:00,0.0
2019-07-14 00:00:00,0.0
2019-07-14 01:00:00,0.0
2019-07-14 02:00:00,0.0
2019-07-14 03:00:00,0.0
2019-07-14 04:00:00,0.0
2019-07-14 05:00:00,0.0
2019-07-14 06:00:00,0.00032720728581556413
2019-07-14 07:00:00,0.11855810656050608
2019-07-14 08:00:00,0.5834105906091509
2019-07-14 09:00:00,0.8310519714238971
2019-07-14 10:00:00,0.8798603915580521
2019-07-14 11:00:00,0.8472487320717674
2019-07-14 12:00:00,0.8952391339913834
2019-07-14 13:00:00,0.9087091672574575
2019-07-14 14:00:00,0.9173801603315701
2019-07-14 15:00:00,0.908327425424006
2019-07-14 16:00:00,0.887331624584174
2019-07-14 17:00:00,0.8471941975241315
2019-07-14 18:00:00,0.7416153133009762
2019-07-14 19:00:00,0.4385122975404919
2019-07-14 20:00:00,0.061569504280961994
2019-07-14 21:00:00,0.0
2019-07-14 22:00:00,0.0
2019-07-14 23:00:00,0.0
2019-07-15 00:00:00,0.0
2019-07-15 01:00:00,0.0
2019-07-15 02:00:00,0.0
2019-07-15 03:00:00,0.0
2019-07-15 04:00:00,0.0
2019-07-15 05:00:00,0.0
2019-07-15 06:00:00,0.0004908109287233462
2019-07-15 07:00:00,0.11299558270164148
2019-07-15 08:00:00,0.5511261384086819
2019-07-15 09:00:00,0.8000218138190544
2019-07-15 10:00:00,0.9028739706604133
2019-07-15 11:00:00,0.8995473632546218
2019-07-15 12:00:00,0.8817691007253096
2019-07-15 13:00:00,0.898674810492447
2019-07-15 14:00:00,0.9045645416371271
2019-07-15 15:00:00,0.8630092163385504
2019-07-15 16:00:00,0.8664994273872498
2019-07-15 17:00:00,0.8370507716638491
2019-07-15 18:00:00,0.744014833396957
2019-07-15 19:00:00,0.43458581011070513
2019-07-15 20:00:00,0.04809947101488793
2019-07-15 21:00:00,0.0
2019-07-15 22:00:00,0.0
2019-07-15 23:00:00,0.0
2019-07-16 00:00:00,0.0
2019-07-16 01:00:00,0.0
2019-07-16 02:00:00,0.0
2019-07-16 03:00:00,0.0
2019-07-16 04:00:00,0.0
2019-07-16 05:00:00,0.0
2019-07-16 06:00:00,0.00021813819054370944
2019-07-16 07:00:00,0.10432458962752904
2019-07-16 08:00:00,0.5186235480176692
2019-07-16 09:00:00,0.7851338823144463
2019-07-16 10:00:00,0.8811692207013142
2019-07-16 11:00:00,0.9035829197796804
2019-07-16 12:00:00,0.898674810492447
2019-07-16 13:00:00,0.9109996182581666
2019-07-16 14:00:00,0.9103452036865354
2019-07-16 15:00:00,0.8654632709821671
2019-07-16 16:00:00,0.8270709494464743
2019-07-16 17:00:00,0.7552489502099581
2019-07-16 18:00:00,0.6161858537383432
2019-07-16 19:00:00,0.37841522604569994
2019-07-16 20:00:00,0.03195724491465343
2019-07-16 21:00:00,0.0
2019-07-16 22:00:00,0.0
2019-07-16 23:00:00,0.0
2019-07-17 00:00:00,0.0
2019-07-17 01:00:00,0.0
2019-07-17 02:00:00,0.0
2019-07-17 03:00:00,0.0
2019-07-17 04:00:00,0.0
2019-07-17 05:00:00,0.0
2019-07-17 06:00:00,0.0004908109287233462
2019-07-17 07:00:00,0.09210885095708131
2019-07-17 08:00:00,0.48203086655396193
2019-07-17 09:00:00,0.703386595408191
2019-07-17 10:00:00,0.8177455418007308
2019-07-17 11:00:00,0.8870044172983584
2019-07-17 12:00:00,0.8933304248241261
2019-07-17 13:00:00,0.9058188362327534
2019-07-17 14:00:00,0.9026558324698697
2019-07-17 15:00:00,0.7750995255494355
2019-07-17 16:00:00,0.7212739270327752
2019-07-17 17:00:00,0.6637399792768718
2019-07-17 18:00:00,0.5230408463761793
2019-07-17 19:00:00,0.25364018105469816
2019-07-17 20:00:00,0.018923488029666796
2019-07-17 21:00:00,0.0
2019-07-17 22:00:00,0.0
2019-07-17 23:00:00,0.0
2019-07-18 00:00:00,0.0
2019-07-18 01:00:00,0.0
2019-07-18 02:00:00,0.0
2019-07-18 03:00:00,0.0
2019-07-18 04:00:00,0.0
2019-07-18 05:00:00,0.0
2019-07-18 06:00:00,0.0003817418334514915
2019-07-18 07:00:00,0.10116158586464526
2019-07-18 08:00:00,0.5204231880896547
2019-07-18 09:00:00,0.7120575884823035
2019-07-18 10:00:00,0.8335605606151497
2019-07-18 11:00:00,0.9042373343513115
2019-07-18 12:00:00,0.9427387249822763
2019-07-18 13:00:00,0.9613895402737634
2019-07-18 14:00:00,0.9477559033647817
2019-07-18 15:00:00,0.9352129574085183
2019-07-18 16:00:00,0.9185253858319244
2019-07-18 17:00:00,0.8791514424387848
2019-07-18 18:00:00,0.7608114740688225
2019-07-18 19:00:00,0.40748213993564925
2019-07-18 20:00:00,0.045536347275999346
2019-07-18 21:00:00,0.0
2019-07-18 22:00:00,0.0
2019-07-18 23:00:00,0.0
2019-07-19 00:00:00,0.0
2019-07-19 01:00:00,0.0
2019-07-19 02:00:00,0.0
2019-07-19 03:00:00,0.0
2019-07-19 04:00:00,0.0
2019-07-19 05:00:00,0.0
2019-07-19 06:00:00,0.0003817418334514915
2019-07-19 07:00:00,0.09908927305448001
2019-07-19 08:00:00,0.5229863118285434
2019-07-19 09:00:00,0.7803348421224846
2019-07-19 10:00:00,0.8667721001254295
2019-07-19 11:00:00,0.923378960571522
2019-07-19 12:00:00,0.9461198669357038
2019-07-19 13:00:00,0.962425696678846
2019-07-19 14:00:00,0.9463380051262474
2019-07-19 15:00:00,0.932322626383814
2019-07-19 16:00:00,0.9155805202595845
2019-07-19 17:00:00,0.8960026176582865
2019-07-19 18:00:00,0.8043845776299285
2019-07-19 19:00:00,0.4639799312864699
2019-07-19 20:00:00,0.055352565850466266
2019-07-19 21:00:00,0.0
2019-07-19 22:00:00,0.0
2019-07-19 23:00:00,0.0
2019-07-20 00:00:00,0.0
2019-07-20 01:00:00,0.0
2019-07-20 02:00:00,0.0
2019-07-20 03:00:00,0.0
2019-07-20 04:00:00,0.0
2019-07-20 05:00:00,0.0
2019-07-20 06:00:00,0.0003817418334514915
2019-07-20 07:00:00,0.0928723346239843
2019-07-20 08:00:00,0.5378197087855157
2019-07-20 09:00:00,0.8255439821126683
2019-07-20 10:00:00,0.9354856301466979
2019-07-20 11:00:00,0.9586628128919671
2019-07-20 12:00:00,0.9655341658940939
2019-07-20 13:00:00,0.9455745214593445
2019-07-20 14:00:00,0.9270873098107651
2019-07-20 15:00:00,0.9113813600916181
2019-07-20 16:00:00,0.9108905491628947
2019-07-20 17:00:00,0.8321971969242515
2019-07-20 18:00:00,0.6569776953700169
2019-07-20 19:00:00,0.36303648361236845
2019-07-20 20:00:00,0.04351856901347003
2019-07-20 21:00:00,0.0
2019-07-20 22:00:00,0.0
2019-07-20 23:00:00,0.0
2019-07-21 00:00:00,0.0
2019-07-21 01:00:00,0.0
2019-07-21 02:00:00,0.0
2019-07-21 03:00:00,0.0
2019-07-21 04:00:00,0.0
2019-07-21 05:00:00,0.0
2019-07-21 06:00:00,0.0002726727381796368
2019-07-21 07:00:00,0.08147461416807547
2019-07-21 08:00:00,0.4771227572667284
2019-07-21 09:00:00,0.7401428805148061
2019-07-21 10:00:00,0.8617549217429241
2019-07-21 11:00:00,0.8605006271472978
2019-07-21 12:00:00,0.8940939084910291
2019-07-21 13:00:00,0.9216883895948083
2019-07-21 14:00:00,0.9386486339095818
2019-07-21 15:00:00,0.9304684517641926
2019-07-21 16:00:00,0.8913126465615968
2019-07-21 17:00:00,0.8325789387577031
2019-07-21 18:00:00,0.7271636581774554
2019-07-21 19:00:00,0.40491901619676063
2019-07-21 20:00:00,0.04400937994219338
2019-07-21 21:00:00,0.0
2019-07-21 22:00:00,0.0
2019-07-21 23:00:00,0.0
2019-07-22 00:00:00,0.0
2019-07-22 01:00:00,0.0
2019-07-22 02:00:00,0.0
2019-07-22 03:00:00,0.0
2019-07-22 04:00:00,0.0
2019-07-22 05:00:00,0.0
2019-07-22 06:00:00,0.00016360364290778206
2019-07-22 07:00:00,0.07351257021323009
2019-07-22 08:00:00,0.45607242187926045
2019-07-22 09:00:00,0.7056225118612641
2019-07-22 10:00:00,0.7782079947646834
2019-07-22 11:00:00,0.8578284343131374
2019-07-22 12:00:00,0.762065768664449
2019-07-22 13:00:00,0.7430332115395103
2019-07-22 14:00:00,0.634454927196379
2019-07-22 15:00:00,0.6920979440475541
2019-07-22 16:00:00,0.674865026994601
2019-07-22 17:00:00,0.5582701641489884
2019-07-22 18:00:00,0.5278944211157768
2019-07-22 19:00:00,0.23133555107160386
2019-07-22 20:00:00,0.012270273218083655
2019-07-22 21:00:00,0.0
2019-07-22 22:00:00,0.0
2019-07-22 23:00:00,0.0
2019-07-23 00:00:00,0.0
2019-07-23 01:00:00,0.0
2019-07-23 02:00:00,0.0
2019-07-23 03:00:00,0.0
2019-07-23 04:00:00,0.0
2019-07-23 05:00:00,0.0
2019-07-23 06:00:00,0.0002726727381796368
2019-07-23 07:00:00,0.06135136609041828
2019-07-23 08:00:00,0.4605987893330425
2019-07-23 09:00:00,0.7033320608605552
2019-07-23 10:00:00,0.7225827561760375
2019-07-23 11:00:00,0.8016033157004963
2019-07-23 12:00:00,0.8461580411190488
2019-07-23 13:00:00,0.8334514915198779
2019-07-23 14:00:00,0.8780062169384305
2019-07-23 15:00:00,0.8980203959208158
2019-07-23 16:00:00,0.87533402410427
2019-07-23 17:00:00,0.8548290341931614
2019-07-23 18:00:00,0.7491410808747342
2019-07-23 19:00:00,0.38425042264274417
2019-07-23 20:00:00,0.04373670720401374
2019-07-23 21:00:00,0.0
2019-07-23 22:00:00,0.0
2019-07-23 23:00:00,0.0
2019-07-24 00:00:00,0.0
2019-07-24 01:00:00,0.0
2019-07-24 02:00:00,0.0
2019-07-24 03:00:00,0.0
2019-07-24 04:00:00,0.0
2019-07-24 05:00:00,0.0
2019-07-24 06:00:00,0.00032720728581556413
2019-07-24 07:00:00,0.09679882205377106
2019-07-24 08:00:00,0.5530348475759393
2019-07-24 09:00:00,0.8489938375961171
2019-07-24 10:00:00,0.9276326552871244
2019-07-24 11:00:00,0.9418661722201014
2019-07-24 12:00:00,0.9520641326280198
2019-07-24 13:00:00,0.9696242569667884
2019-07-24 14:00:00,0.969187980585701
2019-07-24 15:00:00,0.9623711621312101
2019-07-24 16:00:00,0.9485193870316845
2019-07-24 17:00:00,0.9189616622130119
2019-07-24 18:00:00,0.8148552107760266
2019-07-24 19:00:00,0.4495282761629492
2019-07-24 20:00:00,0.04788133282434422
2019-07-24 21:00:00,0.0
2019-07-24 22:00:00,0.0
2019-07-24 23:00:00,0.0
2019-07-25 00:00:00,0.0
2019-07-25 01:00:00,0.0
2019-07-25 02:00:00,0.0
2019-07-25 03:00:00,0.0
2019-07-25 04:00:00,0.0
2019-07-25 05:00:00,0.0
2019-07-25 06:00:00,0.0002726727381796368
2019-07-25 07:00:00,0.0876915525985712
2019-07-25 08:00:00,0.5422915416916616
2019-07-25 09:00:00,0.8771336641762557
2019-07-25 10:00:00,0.9480285761029612
2019-07-25 11:00:00,0.9705513442765993
2019-07-25 12:00:00,0.9768773518023668
2019-07-25 13:00:00,0.9782952500409009
2019-07-25 14:00:00,0.962480231226482
2019-07-25 15:00:00,0.9454654523640726
2019-07-25 16:00:00,0.8788242351529694
2019-07-25 17:00:00,0.8675355837923324
2019-07-25 18:00:00,0.812292087037138
2019-07-25 19:00:00,0.4492010688771337
2019-07-25 20:00:00,0.04869935103888313
2019-07-25 21:00:00,0.0
2019-07-25 22:00:00,0.0
2019-07-25 23:00:00,0.0
2019-07-26 00:00:00,0.0
2019-07-26 01:00:00,0.0
2019-07-26 02:00:00,0.0
2019-07-26 03:00:00,0.0
2019-07-26 04:00:00,0.0
2019-07-26 05:00:00,0.0
2019-07-26 06:00:00,0.0002726727381796368
2019-07-26 07:00:00,0.08747341440802749
2019-07-26 08:00:00,0.505262583846867
2019-07-26 09:00:00,0.8639908381959971
2019-07-26 10:00:00,0.9419207067677373
2019-07-26 11:00:00,0.9533729617712821
2019-07-26 12:00:00,0.9479740415553253
2019-07-26 13:00:00,0.9536456345094617
2019-07-26 14:00:00,0.9213611823089928
2019-07-26 15:00:00,0.8575557615749577
2019-07-26 16:00:00,0.8497027867153841
2019-07-26 17:00:00,0.8440311937612478
2019-07-26 18:00:00,0.7535583792332442
2019-07-26 19:00:00,0.41947974041555325
2019-07-26 20:00:00,0.03942847794077548
2019-07-26 21:00:00,0.0
2019-07-26 22:00:00,0.0
2019-07-26 23:00:00,0.0
2019-07-27 00:00:00,0.0
2019-07-27 01:00:00,0.0
2019-07-27 02:00:00,0.0
2019-07-27 03:00:00,0.0
2019-07-27 04:00:00,0.0
2019-07-27 05:00:00,0.0
2019-07-27 06:00:00,0.00016360364290778206
2019-07-27 07:00:00,0.08480122157386705
2019-07-27 08:00:00,0.5445274581447347
2019-07-27 09:00:00,0.6201668757157659
2019-07-27 10:00:00,0.7422697278726073
2019-07-27 11:00:00,0.9419207067677373
2019-07-27 12:00:00,0.9453563832688008
2019-07-27 13:00:00,0.9487375252222283
2019-07-27 14:00:00,0.9353765610514261
2019-07-27 15:00:00,0.932431695479086
2019-07-27 16:00:00,0.8990020177782625
2019-07-27 17:00:00,0.8669357037683373
2019-07-27 18:00:00,0.7411790369198887
2019-07-27 19:00:00,0.4098271254839941
2019-07-27 20:00:00,0.040737307084037735
2019-07-27 21:00:00,0.0
2019-07-27 22:00:00,0.0
2019-07-27 23:00:00,0.0
2019-07-28 00:00:00,0.0
2019-07-28 01:00:00,0.0
2019-07-28 02:00:00,0.0
2019-07-28 03:00:00,0.0
2019-07-28 04:00:00,0.0
2019-07-28 05:00:00,0.0
2019-07-28 06:00:00,0.00010906909527185472
2019-07-28 07:00:00,0.06189671156677755
2019-07-28 08:00:00,0.39881114686153674
2019-07-28 09:00:00,0.6808638272345531
2019-07-28 10:00:00,0.8426132955227136
2019-07-28 11:00:00,0.8896220755848829
2019-07-28 12:00:00,0.9075639417571031
2019-07-28 13:00:00,0.9229972187380705
2019-07-28 14:00:00,0.8980749304684518
2019-07-28 15:00:00,0.9082728908763702
2019-07-28 16:00:00,0.8789878387958772
2019-07-28 17:00:00,0.7466324916834814
2019-07-28 18:00:00,0.6080602061405901
2019-07-28 19:00:00,0.3041391721655669
2019-07-28 20:00:00,0.030266673937939685
2019-07-28 21:00:00,0.0
2019-07-28 22:00:00,0.0
2019-07-28 23:00:00,0.0
2019-07-29 00:00:00,0.0
2019-07-29 01:00:00,0.0
2019-07-29 02:00:00,0.0
2019-07-29 03:00:00,0.0
2019-07-29 04:00:00,0.0
2019-07-29 05:00:00,0.0
2019-07-29 06:00:00,0.00016360364290778206
2019-07-29 07:00:00,0.050935267491956156
2019-07-29 08:00:00,0.35191143589463925
2019-07-29 09:00:00,0.6244751049790042
2019-07-29 10:00:00,0.7235098434858482
2019-07-29 11:00:00,0.8458853683808693
2019-07-29 12:00:00,0.8855865190598244
2019-07-29 13:00:00,0.858810056170584
2019-07-29 14:00:00,0.7582483503299341
2019-07-29 15:00:00,0.7238915853192998
2019-07-29 16:00:00,0.7631564596171675
2019-07-29 17:00:00,0.7310356110596062
2019-07-29 18:00:00,0.5034629437748814
2019-07-29 19:00:00,0.2557124938648634
2019-07-29 20:00:00,0.023995200959808036
2019-07-29 21:00:00,0.0
2019-07-29 22:00:00,0.0
2019-07-29 23:00:00,0.0
2019-07-30 00:00:00,0.0
2019-07-30 01:00:00,0.0
2019-07-30 02:00:00,0.0
2019-07-30 03:00:00,0.0
2019-07-30 04:00:00,0.0
2019-07-30 05:00:00,0.0
2019-07-30 06:00:00,0.00010906909527185472
2019-07-30 07:00:00,0.049026558324698696
2019-07-30 08:00:00,0.40448273981567323
2019-07-30 09:00:00,0.7346348912035774
2019-07-30 10:00:00,0.843049571903801
2019-07-30 11:00:00,0.9207613022849975
2019-07-30 12:00:00,0.883677809892567
2019-07-30 13:00:00,0.8561923978840595
2019-07-30 14:00:00,0.8411953972841795
2019-07-30 15:00:00,0.8014942466052244
2019-07-30 16:00:00,0.8120194142989584
2019-07-30 17:00:00,0.7969678791514425
2019-07-30 18:00:00,0.6708294704695424
2019-07-30 19:00:00,0.3332606206031521
2019-07-30 20:00:00,0.03321153951027976
2019-07-30 21:00:00,0.0
2019-07-30 22:00:00,0.0
2019-07-30 23:00:00,0.0
2019-07-31 00:00:00,0.0
2019-07-31 01:00:00,0.0
2019-07-31 02:00:00,0.0
2019-07-31 03:00:00,0.0
2019-07-31 04:00:00,0.0
2019-07-31 05:00:00,0.0
2019-07-31 06:00:00,0.00016360364290778206
2019-07-31 07:00:00,0.0647870425914817
2019-07-31 08:00:00,0.47194197524131537
2019-07-31 09:00:00,0.7877515406009707
2019-07-31 10:00:00,0.8974205158968206
2019-07-31 11:00:00,0.9321590227409063
2019-07-31 12:00:00,0.9383759611714021
2019-07-31 13:00:00,0.9480285761029612
2019-07-31 14:00:00,0.9359764410754212
2019-07-31 15:00:00,0.8935485630146698
2019-07-31 16:00:00,0.8825871189398484
2019-07-31 17:00:00,0.8347603206631401
2019-07-31 18:00:00,0.7193106833178818
2019-07-31 19:00:00,0.3507662103942848
2019-07-31 20:00:00,0.029884932104488192
2019-07-31 21:00:00,0.0
2019-07-31 22:00:00,0.0
2019-07-31 23:00:00,0.0
2019-08-01 00:00:00,0.0
2019-08-01 01:00:00,0.0
2019-08-01 02:00:00,0.0
2019-08-01 03:00:00,0.0
2019-08-01 04:00:00,0.0
2019-08-01 05:00:00,0.0
2019-08-01 06:00:00,5.453454763592736e-05
2019-08-01 07:00:00,0.056279653160277034
2019-08-01 08:00:00,0.46016251295195504
2019-08-01 09:00:00,0.8022577302721273
2019-08-01 10:00:00,0.8980749304684518
2019-08-01 11:00:00,0.9179255058079293
2019-08-01 12:00:00,0.9166166766646671
2019-08-01 13:00:00,0.9243605824289687
2019-08-01 14:00:00,0.9222882696188035
2019-08-01 15:00:00,0.8931668211812183
2019-08-01 16:00:00,0.86033702350439
2019-08-01 17:00:00,0.8116376724655069
2019-08-01 18:00:00,0.706385995528167
2019-08-01 19:00:00,0.2633473305338932
2019-08-01 20:00:00,0.02437694279325953
2019-08-01 21:00:00,0.0
2019-08-01 22:00:00,0.0
2019-08-01 23:00:00,0.0
2019-08-02 00:00:00,0.0
2019-08-02 01:00:00,0.0
2019-08-02 02:00:00,0.0
2019-08-02 03:00:00,0.0
2019-08-02 04:00:00,0.0
2019-08-02 05:00:00,0.0
2019-08-02 06:00:00,5.453454763592736e-05
2019-08-02 07:00:00,0.06713202813982658
2019-08-02 08:00:00,0.4981730926541964
2019-08-02 09:00:00,0.8128919670611332
2019-08-02 10:00:00,0.8925124066095871
2019-08-02 11:00:00,0.9132355347112395
2019-08-02 12:00:00,0.9297595026449256
2019-08-02 13:00:00,0.9305775208594645
2019-08-02 14:00:00,0.930195779026013
2019-08-02 15:00:00,0.922615476904619
2019-08-02 16:00:00,0.8697715002454055
2019-08-02 17:00:00,0.8345421824725964
2019-08-02 18:00:00,0.7054043736707204
2019-08-02 19:00:00,0.3381141953427496
2019-08-02 20:00:00,0.021323008125647597
2019-08-02 21:00:00,0.0
2019-08-02 22:00:00,0.0
2019-08-02 23:00:00,0.0
2019-08-03 00:00:00,0.0
2019-08-03 01:00:00,0.0
2019-08-03 02:00:00,0.0
2019-08-03 03:00:00,0.0
2019-08-03 04:00:00,0.0
2019-08-03 05:00:00,0.0
2019-08-03 06:00:00,0.0
2019-08-03 07:00:00,0.04684517641926161
2019-08-03 08:00:00,0.4018650815291487
2019-08-03 09:00:00,0.6721928341604406
2019-08-03 10:00:00,0.7375252222282817
2019-08-03 11:00:00,0.7774990456454164
2019-08-03 12:00:00,0.8387958771881987
2019-08-03 13:00:00,0.8285433822326443
2019-08-03 14:00:00,0.8217810983257894
2019-08-03 15:00:00,0.8014397120575885
2019-08-03 16:00:00,0.8277253640181054
2019-08-03 17:00:00,0.6625402192288815
2019-08-03 18:00:00,0.3398047663194634
2019-08-03 19:00:00,0.1177946228936031
2019-08-03 20:00:00,0.006871353002126847
2019-08-03 21:00:00,0.0
2019-08-03 22:00:00,0.0
2019-08-03 23:00:00,0.0
2019-08-04 00:00:00,0.0
2019-08-04 01:00:00,0.0
2019-08-04 02:00:00,0.0
2019-08-04 03:00:00,0.0
2019-08-04 04:00:00,0.0
2019-08-04 05:00:00,0.0
2019-08-04 06:00:00,0.0
2019-08-04 07:00:00,0.027376342913235537
2019-08-04 08:00:00,0.23029939466652125
2019-08-04 09:00:00,0.4435840104706331
2019-08-04 10:00:00,0.6023340786388177
2019-08-04 11:00:00,0.6863172819981458
2019-08-04 12:00:00,0.8373234444020287
2019-08-04 13:00:00,0.8599552816709386
2019-08-04 14:00:00,0.8830779298685717
2019-08-04 15:00:00,0.853574739597535
2019-08-04 16:00:00,0.7418879860391558
2019-08-04 17:00:00,0.749959099089273
2019-08-04 18:00:00,0.6816273109014561
2019-08-04 19:00:00,0.3016305829743142
2019-08-04 20:00:00,0.018432677100943446
2019-08-04 21:00:00,0.0
2019-08-04 22:00:00,0.0
2019-08-04 23:00:00,0.0
2019-08-05 00:00:00,0.0
2019-08-05 01:00:00,0.0
2019-08-05 02:00:00,0.0
2019-08-05 03:00:00,0.0
2019-08-05 04:00:00,0.0
2019-08-05 05:00:00,0.0
2019-08-05 06:00:00,5.453454763592736e-05
2019-08-05 07:00:00,0.06342367890058352
2019-08-05 08:00:00,0.4675792114304412
2019-08-05 09:00:00,0.7818072749086545
2019-08-05 10:00:00,0.874625074985003
2019-08-05 11:00:00,0.9097998582101761
2019-08-05 12:00:00,0.8778426132955227
2019-08-05 13:00:00,0.8825325843922124
2019-08-05 14:00:00,0.8805693406773191
2019-08-05 15:00:00,0.8656268746250749
2019-08-05 16:00:00,0.8238534111359547
2019-08-05 17:00:00,0.7692643289523913
2019-08-05 18:00:00,0.649397393248623
2019-08-05 19:00:00,0.35207503953754704
2019-08-05 20:00:00,0.027485412008507386
2019-08-05 21:00:00,0.0
2019-08-05 22:00:00,0.0
2019-08-05 23:00:00,0.0
2019-08-06 00:00:00,0.0
2019-08-06 01:00:00,0.0
2019-08-06 02:00:00,0.0
2019-08-06 03:00:00,0.0
2019-08-06 04:00:00,0.0
2019-08-06 05:00:00,0.0
2019-08-06 06:00:00,5.453454763592736e-05
2019-08-06 07:00:00,0.05213502753994655
2019-08-06 08:00:00,0.41195397284179525
2019-08-06 09:00:00,0.7434694879205976
2019-08-06 10:00:00,0.8497027867153841
2019-08-06 11:00:00,0.8744069367944594
2019-08-06 12:00:00,0.8774608714620712
2019-08-06 13:00:00,0.762065768664449
2019-08-06 14:00:00,0.8480122157386705
2019-08-06 15:00:00,0.8149097453236624
2019-08-06 16:00:00,0.8529203250259039
2019-08-06 17:00:00,0.763592735998255
2019-08-06 18:00:00,0.647870425914817
2019-08-06 19:00:00,0.29279598625729397
2019-08-06 20:00:00,0.020286851720564977
2019-08-06 21:00:00,0.0
2019-08-06 22:00:00,0.0
2019-08-06 23:00:00,0.0
2019-08-07 00:00:00,0.0
2019-08-07 01:00:00,0.0
2019-08-07 02:00:00,0.0
2019-08-07 03:00:00,0.0
2019-08-07 04:00:00,0.0
2019-08-07 05:00:00,0.0
2019-08-07 06:00:00,0.00010906909527185472
2019-08-07 07:00:00,0.05338932213557289
2019-08-07 08:00:00,0.4251513333696897
2019-08-07 09:00:00,0.7686644489283961
2019-08-07 10:00:00,0.8796967879151442
2019-08-07 11:00:00,0.9304684517641926
2019-08-07 12:00:00,0.9282870698587555
2019-08-07 13:00:00,0.9160713311883077
2019-08-07 14:00:00,0.9115994982821617
2019-08-07 15:00:00,0.8736434531275563
2019-08-07 16:00:00,0.799585537437967
2019-08-07 17:00:00,0.7815346021704749
2019-08-07 18:00:00,0.6385450182690735
2019-08-07 19:00:00,0.31477340895457273
2019-08-07 20:00:00,0.018105469815127884
2019-08-07 21:00:00,0.0
2019-08-07 22:00:00,0.0
2019-08-07 23:00:00,0.0
2019-08-08 00:00:00,0.0
2019-08-08 01:00:00,0.0
2019-08-08 02:00:00,0.0
2019-08-08 03:00:00,0.0
2019-08-08 04:00:00,0.0
2019-08-08 05:00:00,0.0
2019-08-08 06:00:00,0.0
2019-08-08 07:00:00,0.0410645143698533
2019-08-08 08:00:00,0.3407318536292741
2019-08-08 09:00:00,0.6752467688280526
2019-08-08 10:00:00,0.8538474123357147
2019-08-08 11:00:00,0.914326225663958
2019-08-08 12:00:00,0.9206522331897257
2019-08-08 13:00:00,0.900092708730981
2019-08-08 14:00:00,0.9348312155750668
2019-08-08 15:00:00,0.9216338550471723
2019-08-08 16:00:00,0.8964934285870099
2019-08-08 17:00:00,0.8424496918798058
2019-08-08 18:00:00,0.6864808856410536
2019-08-08 19:00:00,0.313791787097126
2019-08-08 20:00:00,0.01816000436276381
2019-08-08 21:00:00,0.0
2019-08-08 22:00:00,0.0
2019-08-08 23:00:00,0.0
2019-08-09 00:00:00,0.0
2019-08-09 01:00:00,0.0
2019-08-09 02:00:00,0.0
2019-08-09 03:00:00,0.0
2019-08-09 04:00:00,0.0
2019-08-09 05:00:00,0.0
2019-08-09 06:00:00,0.0
2019-08-09 07:00:00,0.0404646343458581
2019-08-09 08:00:00,0.387358891857992
2019-08-09 09:00:00,0.7495773572558215
2019-08-09 10:00:00,0.9069640617331078
2019-08-09 11:00:00,0.9486829906745923
2019-08-09 12:00:00,0.9535910999618258
2019-08-09 13:00:00,0.9453563832688008
2019-08-09 14:00:00,0.9429568631728199
2019-08-09 15:00:00,0.9299776408354692
2019-08-09 16:00:00,0.8889131264656159
2019-08-09 17:00:00,0.8022577302721273
2019-08-09 18:00:00,0.6169493374052462
2019-08-09 19:00:00,0.21601134318590828
2019-08-09 20:00:00,0.005835196597044227
2019-08-09 21:00:00,0.0
2019-08-09 22:00:00,0.0
2019-08-09 23:00:00,0.0
2019-08-10 00:00:00,0.0
2019-08-10 01:00:00,0.0
2019-08-10 02:00:00,0.0
2019-08-10 03:00:00,0.0
2019-08-10 04:00:00,0.0
2019-08-10 05:00:00,0.0
2019-08-10 06:00:00,0.0
2019-08-10 07:00:00,0.04368217265637781
2019-08-10 08:00:00,0.39515733216992965
2019-08-10 09:00:00,0.7328352511315919
2019-08-10 10:00:00,0.8830779298685717
2019-08-10 11:00:00,0.9463925396738835
2019-08-10 12:00:00,0.9692425151333369
2019-08-10 13:00:00,0.9640071985602879
2019-08-10 14:00:00,0.9574085182963407
2019-08-10 15:00:00,0.9359219065277854
2019-08-10 16:00:00,0.8239079456835905
2019-08-10 17:00:00,0.7223646179854938
2019-08-10 18:00:00,0.5710312482957953
2019-08-10 19:00:00,0.15029721328461582
2019-08-10 20:00:00,0.0031084692152478595
2019-08-10 21:00:00,0.0
2019-08-10 22:00:00,0.0
2019-08-10 23:00:00,0.0
2019-08-11 00:00:00,0.0
2019-08-11 01:00:00,0.0
2019-08-11 02:00:00,0.0
2019-08-11 03:00:00,0.0
2019-08-11 04:00:00,0.0
2019-08-11 05:00:00,0.0
2019-08-11 06:00:00,5.453454763592736e-05
2019-08-11 07:00:00,0.04886295468179091
2019-08-11 08:00:00,0.4308229263238261
2019-08-11 09:00:00,0.8150733489665702
2019-08-11 10:00:00,0.8938212357528494
2019-08-11 11:00:00,0.9422479140535529
2019-08-11 12:00:00,0.9505916998418498
2019-08-11 13:00:00,0.9514097180563886
2019-08-11 14:00:00,0.9570813110105252
2019-08-11 15:00:00,0.9469924196978786
2019-08-11 16:00:00,0.9071821999236516
2019-08-11 17:00:00,0.8442493319517914
2019-08-11 18:00:00,0.7075857555761574
2019-08-11 19:00:00,0.2817800076348367
2019-08-11 20:00:00,0.006871353002126847
2019-08-11 21:00:00,0.0
2019-08-11 22:00:00,0.0
2019-08-11 23:00:00,0.0
2019-08-12 00:00:00,0.0
2019-08-12 01:00:00,0.0
2019-08-12 02:00:00,0.0
2019-08-12 03:00:00,0.0
2019-08-12 04:00:00,0.0
2019-08-12 05:00:00,0.0
2019-08-12 06:00:00,0.0
2019-08-12 07:00:00,0.04957190380105797
2019-08-12 08:00:00,0.44189343949391935
2019-08-12 09:00:00,0.8052571303921033
2019-08-12 10:00:00,0.8999836396357092
2019-08-12 11:00:00,0.9434476741015433
2019-08-12 12:00:00,0.9623711621312101
2019-08-12 13:00:00,0.9580629328679718
2019-08-12 14:00:00,0.9400119976004799
2019-08-12 15:00:00,0.8887495228227081
2019-08-12 16:00:00,0.8493210448819327
2019-08-12 17:00:00,0.8039483012488411
2019-08-12 18:00:00,0.69068004580902
2019-08-12 19:00:00,0.2978676991874353
2019-08-12 20:00:00,0.015215138790423733
2019-08-12 21:00:00,0.0
2019-08-12 22:00:00,0.0
2019-08-12 23:00:00,0.0
2019-08-13 00:00:00,0.0
2019-08-13 01:00:00,0.0
2019-08-13 02:00:00,0.0
2019-08-13 03:00:00,0.0
2019-08-13 04:00:00,0.0
2019-08-13 05:00:00,0.0
2019-08-13 06:00:00,0.0
2019-08-13 07:00:00,0.04929923106287833
2019-08-13 08:00:00,0.4318590827289087
2019-08-13 09:00:00,0.8440311937612478
2019-08-13 10:00:00,0.9300321753831052
2019-08-13 11:00:00,0.9341222664557998
2019-08-13 12:00:00,0.9384304957190379
2019-08-13 13:00:00,0.9533184272236461
2019-08-13 14:00:00,0.9475922997218738
2019-08-13 15:00:00,0.7966406718656268
2019-08-13 16:00:00,0.6414898838414135
2019-08-13 17:00:00,0.6450346294377488
2019-08-13 18:00:00,0.5107705731580957
2019-08-13 19:00:00,0.17843703986475432
2019-08-13 20:00:00,0.0033811419534274965
2019-08-13 21:00:00,0.0
2019-08-13 22:00:00,0.0
2019-08-13 23:00:00,0.0
2019-08-14 00:00:00,0.0
2019-08-14 01:00:00,0.0
2019-08-14 02:00:00,0.0
2019-08-14 03:00:00,0.0
2019-08-14 04:00:00,0.0
2019-08-14 05:00:00,0.0
2019-08-14 06:00:00,0.0
2019-08-14 07:00:00,0.03075748486666303
2019-08-14 08:00:00,0.337786988056934
2019-08-14 09:00:00,0.5698860227954409
2019-08-14 10:00:00,0.6475432186290015
2019-08-14 11:00:00,0.7428696078966025
2019-08-14 12:00:00,0.8252713093744887
2019-08-14 13:00:00,0.8162731090145606
2019-08-14 14:00:00,0.8684081365545073
2019-08-14 15:00:00,0.7175110432458963
2019-08-14 16:00:00,0.6251840540982713
2019-08-14 17:00:00,0.4610350657141299
2019-08-14 18:00:00,0.387358891857992
2019-08-14 19:00:00,0.12771991056334187
2019-08-14 20:00:00,0.0038174183345149153
2019-08-14 21:00:00,0.0
2019-08-14 22:00:00,0.0
2019-08-14 23:00:00,0.0
2019-08-15 00:00:00,0.0
2019-08-15 01:00:00,0.0
2019-08-15 02:00:00,0.0
2019-08-15 03:00:00,0.0
2019-08-15 04:00:00,0.0
2019-08-15 05:00:00,0.0
2019-08-15 06:00:00,0.0
2019-08-15 07:00:00,0.04051916889349402
2019-08-15 08:00:00,0.3745432731635491
2019-08-15 09:00:00,0.8133282434422207
2019-08-15 10:00:00,0.9185799203795605
2019-08-15 11:00:00,0.9361945792659649
2019-08-15 12:00:00,0.9419207067677373
2019-08-15 13:00:00,0.9145988984021377
2019-08-15 14:00:00,0.9157986584501281
2019-08-15 15:00:00,0.8229263238261438
2019-08-15 16:00:00,0.7380160331570049
2019-08-15 17:00:00,0.6866990238315973
2019-08-15 18:00:00,0.46365272400065444
2019-08-15 19:00:00,0.21917434694879204
2019-08-15 20:00:00,0.009052734907563942
2019-08-15 21:00:00,0.0
2019-08-15 22:00:00,0.0
2019-08-15 23:00:00,0.0
2019-08-16 00:00:00,0.0
2019-08-16 01:00:00,0.0
2019-08-16 02:00:00,0.0
2019-08-16 03:00:00,0.0
2019-08-16 04:00:00,0.0
2019-08-16 05:00:00,0.0
2019-08-16 06:00:00,0.0
2019-08-16 07:00:00,0.04575448546654306
2019-08-16 08:00:00,0.44598353056661394
2019-08-16 09:00:00,0.8222173747068768
2019-08-16 10:00:00,0.9366308556470524
2019-08-16 11:00:00,0.9701696024431478
2019-08-16 12:00:00,0.9778044391121775
2019-08-16 13:00:00,0.9513551835087528
2019-08-16 14:00:00,0.8710257948410318
2019-08-16 15:00:00,0.7832797076948246
2019-08-16 16:00:00,0.8313791787097126
2019-08-16 17:00:00,0.7788624093363146
2019-08-16 18:00:00,0.5004635436549054
2019-08-16 19:00:00,0.2204831760920543
2019-08-16 20:00:00,0.00681681845449092
2019-08-16 21:00:00,0.0
2019-08-16 22:00:00,0.0
2019-08-16 23:00:00,0.0
2019-08-17 00:00:00,0.0
2019-08-17 01:00:00,0.0
2019-08-17 02:00:00,0.0
2019-08-17 03:00:00,0.0
2019-08-17 04:00:00,0.0
2019-08-17 05:00:00,0.0
2019-08-17 06:00:00,0.0
2019-08-17 07:00:00,0.04013742706004253
2019-08-17 08:00:00,0.40093799421933796
2019-08-17 09:00:00,0.8362872879969461
2019-08-17 10:00:00,0.9607351257021323
2019-08-17 11:00:00,0.9838032393521295
2019-08-17 12:00:00,0.9538092381523695
2019-08-17 13:00:00,0.9234880296667939
2019-08-17 14:00:00,0.8684626711021431
2019-08-17 15:00:00,0.7530675683045209
2019-08-17 16:00:00,0.6450891639853847
2019-08-17 17:00:00,0.4747777717183836
2019-08-17 18:00:00,0.34220428641544415
2019-08-17 19:00:00,0.14882478049844575
2019-08-17 20:00:00,0.006925887549762774
2019-08-17 21:00:00,0.0
2019-08-17 22:00:00,0.0
2019-08-17 23:00:00,0.0
2019-08-18 00:00:00,0.0
2019-08-18 01:00:00,0.0
2019-08-18 02:00:00,0.0
2019-08-18 03:00:00,0.0
2019-08-18 04:00:00,0.0
2019-08-18 05:00:00,0.0
2019-08-18 06:00:00,0.0
2019-08-18 07:00:00,0.028412499318318154
2019-08-18 08:00:00,0.35289305775208596
2019-08-18 09:00:00,0.7668102743087746
2019-08-18 10:00:00,0.8685717401974151
2019-08-18 11:00:00,0.9337950591699842
2019-08-18 12:00:00,0.9823853411135954
2019-08-18 13:00:00,0.9803130283034301
2019-08-18 14:00:00,0.9606260566068604
2019-08-18 15:00:00,0.9141626220210503
2019-08-18 16:00:00,0.8236898074930469
2019-08-18 17:00:00,0.6894802857610296
2019-08-18 18:00:00,0.5416916616676665
2019-08-18 19:00:00,0.17680100343567648
2019-08-18 20:00:00,0.006489611168675356
2019-08-18 21:00:00,0.0
2019-08-18 22:00:00,0.0
2019-08-18 23:00:00,0.0
2019-08-19 00:00:00,0.0
2019-08-19 01:00:00,0.0
2019-08-19 02:00:00,0.0
2019-08-19 03:00:00,0.0
2019-08-19 04:00:00,0.0
2019-08-19 05:00:00,0.0
2019-08-19 06:00:00,0.0
2019-08-19 07:00:00,0.034356765010634234
2019-08-19 08:00:00,0.2465506898620276
2019-08-19 09:00:00,0.6046245296395266
2019-08-19 10:00:00,0.8536292741451709
2019-08-19 11:00:00,0.9074548726618312
2019-08-19 12:00:00,0.9358673719801494
2019-08-19 13:00:00,0.9431750013633636
2019-08-19 14:00:00,0.9562632927959862
2019-08-19 15:00:00,0.9663521841086328
2019-08-19 16:00:00,0.9466106778644271
2019-08-19 17:00:00,0.906146043518569
2019-08-19 18:00:00,0.7117303811964879
2019-08-19 19:00:00,0.23029939466652125
2019-08-19 20:00:00,0.004417298358510116
2019-08-19 21:00:00,0.0
2019-08-19 22:00:00,0.0
2019-08-19 23:00:00,0.0
2019-08-20 00:00:00,0.0
2019-08-20 01:00:00,0.0
2019-08-20 02:00:00,0.0
2019-08-20 03:00:00,0.0
2019-08-20 04:00:00,0.0
2019-08-20 05:00:00,0.0
2019-08-20 06:00:00,0.0
2019-08-20 07:00:00,0.036919888749522824
2019-08-20 08:00:00,0.4358946392539674
2019-08-20 09:00:00,0.8523749795495447
2019-08-20 10:00:00,0.9559360855101707
2019-08-20 11:00:00,0.9431204668157278
2019-08-20 12:00:00,0.9475922997218738
2019-08-20 13:00:00,0.9408300158150188
2019-08-20 14:00:00,0.9622075584883024
2019-08-20 15:00:00,0.9428477940775482
2019-08-20 16:00:00,0.8887495228227081
2019-08-20 17:00:00,0.8553743796695206
2019-08-20 18:00:00,0.6894802857610296
2019-08-20 19:00:00,0.2388067840977259
2019-08-20 20:00:00,0.005726127501772373
2019-08-20 21:00:00,0.0
2019-08-20 22:00:00,0.0
2019-08-20 23:00:00,0.0
2019-08-21 00:00:00,0.0
2019-08-21 01:00:00,0.0
2019-08-21 02:00:00,0.0
2019-08-21 03:00:00,0.0
2019-08-21 04:00:00,0.0
2019-08-21 05:00:00,0.0
2019-08-21 06:00:00,0.0
2019-08-21 07:00:00,0.03462943774881387
2019-08-21 08:00:00,0.42466052244096636
2019-08-21 09:00:00,0.8414135354747233
2019-08-21 10:00:00,0.9298685717401973
2019-08-21 11:00:00,0.9806947701368817
2019-08-21 12:00:00,0.9635709221792006
2019-08-21 13:00:00,0.9390849102906691
2019-08-21 14:00:00,0.9199432840704587
2019-08-21 15:00:00,0.8954572721819273
2019-08-21 16:00:00,0.8739706604133718
2019-08-21 17:00:00,0.8491574412390248
2019-08-21 18:00:00,0.698969297049681
2019-08-21 19:00:00,0.27343622184653976
2019-08-21 20:00:00,0.005344385668320881
2019-08-21 21:00:00,0.0
2019-08-21 22:00:00,0.0
2019-08-21 23:00:00,0.0
2019-08-22 00:00:00,0.0
2019-08-22 01:00:00,0.0
2019-08-22 02:00:00,0.0
2019-08-22 03:00:00,0.0
2019-08-22 04:00:00,0.0
2019-08-22 05:00:00,0.0
2019-08-22 06:00:00,0.0
2019-08-22 07:00:00,0.032938866772100124
2019-08-22 08:00:00,0.37879696787915146
2019-08-22 09:00:00,0.8278344331133773
2019-08-22 10:00:00,0.9257239461198669
2019-08-22 11:00:00,0.9626438348693898
2019-08-22 12:00:00,0.9251240660958717
2019-08-22 13:00:00,0.8992201559688062
2019-08-22 14:00:00,0.824289687517042
2019-08-22 15:00:00,0.7356710476086601
2019-08-22 16:00:00,0.5978622457326717
2019-08-22 17:00:00,0.431695479086001
2019-08-22 18:00:00,0.40497355074439656
2019-08-22 19:00:00,0.08425587609750777
2019-08-22 20:00:00,0.000763483666902983
2019-08-22 21:00:00,0.0
2019-08-22 22:00:00,0.0
2019-08-22 23:00:00,0.0
2019-08-23 00:00:00,0.0
2019-08-23 01:00:00,0.0
2019-08-23 02:00:00,0.0
2019-08-23 03:00:00,0.0
2019-08-23 04:00:00,0.0
2019-08-23 05:00:00,0.0
2019-08-23 06:00:00,0.0
2019-08-23 07:00:00,0.021377542673283526
2019-08-23 08:00:00,0.3382777989856574
2019-08-23 09:00:00,0.7641380814746142
2019-08-23 10:00:00,0.8838414135354747
2019-08-23 11:00:00,0.9099634618530839
2019-08-23 12:00:00,0.9448655723400774
2019-08-23 13:00:00,0.9330315755030812
2019-08-23 14:00:00,0.8515024267873699
2019-08-23 15:00:00,0.7332715275126792
2019-08-23 16:00:00,0.7168020941266292
2019-08-23 17:00:00,0.5673774336041882
2019-08-23 18:00:00,0.3777062769264329
2019-08-23 19:00:00,0.08305611604951738
2019-08-23 20:00:00,0.000599880023995201
2019-08-23 21:00:00,0.0
2019-08-23 22:00:00,0.0
2019-08-23 23:00:00,0.0
2019-08-24 00:00:00,0.0
2019-08-24 01:00:00,0.0
2019-08-24 02:00:00,0.0
2019-08-24 03:00:00,0.0
2019-08-24 04:00:00,0.0
2019-08-24 05:00:00,0.0
2019-08-24 06:00:00,0.0
2019-08-24 07:00:00,0.028194361127774445
2019-08-24 08:00:00,0.3690352838523205
2019-08-24 09:00:00,0.7573757975677591
2019-08-24 10:00:00,0.8534111359546273
2019-08-24 11:00:00,0.8980749304684518
2019-08-24 12:00:00,0.9235425642144298
2019-08-24 13:00:00,0.9100179964007199
2019-08-24 14:00:00,0.8597371434803948
2019-08-24 15:00:00,0.855810656050608
2019-08-24 16:00:00,0.8012215738670447
2019-08-24 17:00:00,0.7631564596171675
2019-08-24 18:00:00,0.588591372634564
2019-08-24 19:00:00,0.19965097889513006
2019-08-24 20:00:00,0.003653814691607133
2019-08-24 21:00:00,0.0
2019-08-24 22:00:00,0.0
2019-08-24 23:00:00,0.0
2019-08-25 00:00:00,0.0
2019-08-25 01:00:00,0.0
2019-08-25 02:00:00,0.0
2019-08-25 03:00:00,0.0
2019-08-25 04:00:00,0.0
2019-08-25 05:00:00,0.0
2019-08-25 06:00:00,0.0
2019-08-25 07:00:00,0.028576102961225935
2019-08-25 08:00:00,0.40077439057643016
2019-08-25 09:00:00,0.8395593608551016
2019-08-25 10:00:00,0.9463380051262474
2019-08-25 11:00:00,0.9709876206576866
2019-08-25 12:00:00,0.9829852211375907
2019-08-25 13:00:00,0.9670611332278998
2019-08-25 14:00:00,0.9471014887931505
2019-08-25 15:00:00,0.9291050880732944
2019-08-25 16:00:00,0.9181436439984729
2019-08-25 17:00:00,0.88738615913181
2019-08-25 18:00:00,0.7074221519332498
2019-08-25 19:00:00,0.22986311828543382
2019-08-25 20:00:00,0.0032175383105197144
2019-08-25 21:00:00,0.0
2019-08-25 22:00:00,0.0
2019-08-25 23:00:00,0.0
2019-08-26 00:00:00,0.0
2019-08-26 01:00:00,0.0
2019-08-26 02:00:00,0.0
2019-08-26 03:00:00,0.0
2019-08-26 04:00:00,0.0
2019-08-26 05:00:00,0.0
2019-08-26 06:00:00,0.0
2019-08-26 07:00:00,0.028139826580138517
2019-08-26 08:00:00,0.4241151769646071
2019-08-26 09:00:00,0.8825325843922124
2019-08-26 10:00:00,0.9761684026830997
2019-08-26 11:00:00,1.0
2019-08-26 12:00:00,0.9955827016414898
2019-08-26 13:00:00,0.9770954899929105
2019-08-26 14:00:00,0.9581720019632437
2019-08-26 15:00:00,0.9094726509243606
2019-08-26 16:00:00,0.8914762502045046
2019-08-26 17:00:00,0.8902764901565141
2019-08-26 18:00:00,0.6967333805966078
2019-08-26 19:00:00,0.21039428477940775
2019-08-26 20:00:00,0.002617658286524513
2019-08-26 21:00:00,0.0
2019-08-26 22:00:00,0.0
2019-08-26 23:00:00,0.0
2019-08-27 00:00:00,0.0
2019-08-27 01:00:00,0.0
2019-08-27 02:00:00,0.0
2019-08-27 03:00:00,0.0
2019-08-27 04:00:00,0.0
2019-08-27 05:00:00,0.0
2019-08-27 06:00:00,0.0
2019-08-27 07:00:00,0.012215738670447727
2019-08-27 08:00:00,0.16000436276381086
2019-08-27 09:00:00,0.49048372143753066
2019-08-27 10:00:00,0.76272018323608
2019-08-27 11:00:00,0.848339423024486
2019-08-27 12:00:00,0.8587009870753122
2019-08-27 13:00:00,0.8372689098543927
2019-08-27 14:00:00,0.8018759884386759
2019-08-27 15:00:00,0.7926051153405683
2019-08-27 16:00:00,0.7140208321971969
2019-08-27 17:00:00,0.6268200905273491
2019-08-27 18:00:00,0.41462616567595567
2019-08-27 19:00:00,0.08392866881169221
2019-08-27 20:00:00,0.00032720728581556413
2019-08-27 21:00:00,0.0
2019-08-27 22:00:00,0.0
2019-08-27 23:00:00,0.0
2019-08-28 00:00:00,0.0
2019-08-28 01:00:00,0.0
2019-08-28 02:00:00,0.0
2019-08-28 03:00:00,0.0
2019-08-28 04:00:00,0.0
2019-08-28 05:00:00,0.0
2019-08-28 06:00:00,0.0
2019-08-28 07:00:00,0.00785297485957354
2019-08-28 08:00:00,0.12259366308556471
2019-08-28 09:00:00,0.48612095762665647
2019-08-28 10:00:00,0.7464143534929378
2019-08-28 11:00:00,0.7116758466488521
2019-08-28 12:00:00,0.7616294922833614
2019-08-28 13:00:00,0.8378142553307519
2019-08-28 14:00:00,0.8670447728636091
2019-08-28 15:00:00,0.9010743305884277
2019-08-28 16:00:00,0.8303975568522659
2019-08-28 17:00:00,0.7857337623384414
2019-08-28 18:00:00,0.584828488847685
2019-08-28 19:00:00,0.15842286088236898
2019-08-28 20:00:00,0.0003817418334514915
2019-08-28 21:00:00,0.0
2019-08-28 22:00:00,0.0
2019-08-28 23:00:00,0.0
2019-08-29 00:00:00,0.0
2019-08-29 01:00:00,0.0
2019-08-29 02:00:00,0.0
2019-08-29 03:00:00,0.0
2019-08-29 04:00:00,0.0
2019-08-29 05:00:00,0.0
2019-08-29 06:00:00,0.0
2019-08-29 07:00:00,0.023231717292905057
2019-08-29 08:00:00,0.37301630582974316
2019-08-29 09:00:00,0.8229263238261438
2019-08-29 10:00:00,0.9577357255821562
2019-08-29 11:00:00,0.9862027594481104
2019-08-29 12:00:00,0.9997818618094563
2019-08-29 13:00:00,0.9995637236189127
2019-08-29 14:00:00,0.987129846757921
2019-08-29 15:00:00,0.9637890603697442
2019-08-29 16:00:00,0.9466106778644271
2019-08-29 17:00:00,0.8727163658177455
2019-08-29 18:00:00,0.6087146207122212
2019-08-29 19:00:00,0.1580956535965534
2019-08-29 20:00:00,0.0002726727381796368
2019-08-29 21:00:00,0.0
2019-08-29 22:00:00,0.0
2019-08-29 23:00:00,0.0
2019-08-30 00:00:00,0.0
2019-08-30 01:00:00,0.0
2019-08-30 02:00:00,0.0
2019-08-30 03:00:00,0.0
2019-08-30 04:00:00,0.0
2019-08-30 05:00:00,0.0
2019-08-30 06:00:00,0.0
2019-08-30 07:00:00,0.015869553362054863
2019-08-30 08:00:00,0.3169547908600098
2019-08-30 09:00:00,0.8028030757484866
2019-08-30 10:00:00,0.9312319354310955
2019-08-30 11:00:00,0.9546817909145443
2019-08-30 12:00:00,0.9209794404755413
2019-08-30 13:00:00,0.9116540328297977
2019-08-30 14:00:00,0.8334514915198779
2019-08-30 15:00:00,0.8284888476850084
2019-08-30 16:00:00,0.6152587664285325
2019-08-30 17:00:00,0.4874297867699187
2019-08-30 18:00:00,0.25473087200741673
2019-08-30 19:00:00,0.08038392321535694
2019-08-30 20:00:00,0.0010906909527185471
2019-08-30 21:00:00,0.0
2019-08-30 22:00:00,0.0
2019-08-30 23:00:00,0.0
2019-08-31 00:00:00,0.0
2019-08-31 01:00:00,0.0
2019-08-31 02:00:00,0.0
2019-08-31 03:00:00,0.0
2019-08-31 04:00:00,0.0
2019-08-31 05:00:00,0.0
2019-08-31 06:00:00,0.0
2019-08-31 07:00:00,0.02225009543545836
2019-08-31 08:00:00,0.3841413535474723
2019-08-31 09:00:00,0.8253803784697605
2019-08-31 10:00:00,0.9397393248623003
2019-08-31 11:00:00,0.978186180945629
2019-08-31 12:00:00,0.9396302557670284
2019-08-31 13:00:00,0.9380487538855864
2019-08-31 14:00:00,0.8696624311501336
2019-08-31 15:00:00,0.8158368326334733
2019-08-31 16:00:00,0.7876970060533348
2019-08-31 17:00:00,0.6677755358019305
2019-08-31 18:00:00,0.47068768064568905
2019-08-31 19:00:00,0.11697660467906418
2019-08-31 20:00:00,0.000763483666902983
2019-08-31 21:00:00,0.0
2019-08-31 22:00:00,0.0
2019-08-31 23:00:00,0.0
2019-09-01 00:00:00,0.0
2019-09-01 01:00:00,0.0
2019-09-01 02:00:00,0.0
2019-09-01 03:00:00,0.0
2019-09-01 04:00:00,0.0
2019-09-01 05:00:00,0.0
2019-09-01 06:00:00,0.0
2019-09-01 07:00:00,0.015815018814418935
2019-09-01 08:00:00,0.34885750122702736
2019-09-01 09:00:00,0.7892239733871408
2019-09-01 10:00:00,0.8975295849920925
2019-09-01 11:00:00,0.9583356056061515
2019-09-01 12:00:00,0.9560451546054425
2019-09-01 13:00:00,0.8774608714620712
2019-09-01 14:00:00,0.78829688607733
2019-09-01 15:00:00,0.7133118830779298
2019-09-01 16:00:00,0.7057315809565359
2019-09-01 17:00:00,0.6333097016960244
2019-09-01 18:00:00,0.23635272945410915
2019-09-01 19:00:00,0.055025358564650705
2019-09-01 20:00:00,0.0006544145716311283
2019-09-01 21:00:00,0.0
2019-09-01 22:00:00,0.0
2019-09-01 23:00:00,0.0
2019-09-02 00:00:00,0.0
2019-09-02 01:00:00,0.0
2019-09-02 02:00:00,0.0
2019-09-02 03:00:00,0.0
2019-09-02 04:00:00,0.0
2019-09-02 05:00:00,0.0
2019-09-02 06:00:00,0.0
2019-09-02 07:00:00,0.024813219174346948
2019-09-02 08:00:00,0.4056279653160277
2019-09-02 09:00:00,0.8736979876751921
2019-09-02 10:00:00,0.9612804711784916
2019-09-02 11:00:00,0.9666248568468124
2019-09-02 12:00:00,0.9605169875115885
2019-09-02 13:00:00,0.9604624529639527
2019-09-02 14:00:00,0.9244696515242407
2019-09-02 15:00:00,0.9258330152151388
2019-09-02 16:00:00,0.8974205158968206
2019-09-02 17:00:00,0.8732071767464689
2019-09-02 18:00:00,0.6553961934885749
2019-09-02 19:00:00,0.16365817745541802
2019-09-02 20:00:00,0.00032720728581556413
2019-09-02 21:00:00,0.0
2019-09-02 22:00:00,0.0
2019-09-02 23:00:00,0.0
2019-09-03 00:00:00,0.0
2019-09-03 01:00:00,0.0
2019-09-03 02:00:00,0.0
2019-09-03 03:00:00,0.0
2019-09-03 04:00:00,0.0
2019-09-03 05:00:00,0.0
2019-09-03 06:00:00,0.0
2019-09-03 07:00:00,0.023613459126356543
2019-09-03 08:00:00,0.3894312046681573
2019-09-03 09:00:00,0.8688989474832306
2019-09-03 10:00:00,0.9734962098489393
2019-09-03 11:00:00,0.9868026394721056
2019-09-03 12:00:00,0.967006598680264
2019-09-03 13:00:00,0.9351584228608824
2019-09-03 14:00:00,0.8976386540873643
2019-09-03 15:00:00,0.8548835687407972
2019-09-03 16:00:00,0.8104924469651524
2019-09-03 17:00:00,0.8140371925614877
2019-09-03 18:00:00,0.5992256094235698
2019-09-03 19:00:00,0.15815018814418935
2019-09-03 20:00:00,0.00010906909527185472
2019-09-03 21:00:00,0.0
2019-09-03 22:00:00,0.0
2019-09-03 23:00:00,0.0
2019-09-04 00:00:00,0.0
2019-09-04 01:00:00,0.0
2019-09-04 02:00:00,0.0
2019-09-04 03:00:00,0.0
2019-09-04 04:00:00,0.0
2019-09-04 05:00:00,0.0
2019-09-04 06:00:00,0.0
2019-09-04 07:00:00,0.02061405900638054
2019-09-04 08:00:00,0.37514315318754426
2019-09-04 09:00:00,0.8510116158586465
2019-09-04 10:00:00,0.9698969297049681
2019-09-04 11:00:00,0.9436112777444511
2019-09-04 12:00:00,0.8209085455636145
2019-09-04 13:00:00,0.8670447728636091
2019-09-04 14:00:00,0.7798985657413972
2019-09-04 15:00:00,0.8297976768282707
2019-09-04 16:00:00,0.7976768282707095
2019-09-04 17:00:00,0.7158204722691824
2019-09-04 18:00:00,0.4728145280034902
2019-09-04 19:00:00,0.1135954627256367
2019-09-04 20:00:00,0.00010906909527185472
2019-09-04 21:00:00,0.0
2019-09-04 22:00:00,0.0
2019-09-04 23:00:00,0.0
2019-09-05 00:00:00,0.0
2019-09-05 01:00:00,0.0
2019-09-05 02:00:00,0.0
2019-09-05 03:00:00,0.0
2019-09-05 04:00:00,0.0
2019-09-05 05:00:00,0.0
2019-09-05 06:00:00,0.0
2019-09-05 07:00:00,0.01968697169656978
2019-09-05 08:00:00,0.3635272945410918
2019-09-05 09:00:00,0.8243987566123139
2019-09-05 10:00:00,0.9169438839504827
2019-09-05 11:00:00,0.9400119976004799
2019-09-05 12:00:00,0.8617003871952882
2019-09-05 13:00:00,0.8266892076130229
2019-09-05 14:00:00,0.8759884386759011
2019-09-05 15:00:00,0.9176528330697497
2019-09-05 16:00:00,0.8423406227845339
2019-09-05 17:00:00,0.796586137317991
2019-09-05 18:00:00,0.5684681245569069
2019-09-05 19:00:00,0.135136609041828
2019-09-05 20:00:00,0.0
2019-09-05 21:00:00,0.0
2019-09-05 22:00:00,0.0
2019-09-05 23:00:00,0.0
2019-09-06 00:00:00,0.0
2019-09-06 01:00:00,0.0
2019-09-06 02:00:00,0.0
2019-09-06 03:00:00,0.0
2019-09-06 04:00:00,0.0
2019-09-06 05:00:00,0.0
2019-09-06 06:00:00,0.0
2019-09-06 07:00:00,0.019250695315482357
2019-09-06 08:00:00,0.30244860118885314
2019-09-06 09:00:00,0.722964498009489
2019-09-06 10:00:00,0.8303430223046299
2019-09-06 11:00:00,0.9605169875115885
2019-09-06 12:00:00,0.8333424224246059
2019-09-06 13:00:00,0.8421770191416261
2019-09-06 14:00:00,0.7766264928832415
2019-09-06 15:00:00,0.8446856083328789
2019-09-06 16:00:00,0.845285488356874
2019-09-06 17:00:00,0.7273272618203632
2019-09-06 18:00:00,0.515733216992965
2019-09-06 19:00:00,0.11583137917870971
2019-09-06 20:00:00,0.0
2019-09-06 21:00:00,0.0
2019-09-06 22:00:00,0.0
2019-09-06 23:00:00,0.0
2019-09-07 00:00:00,0.0
2019-09-07 01:00:00,0.0
2019-09-07 02:00:00,0.0
2019-09-07 03:00:00,0.0
2019-09-07 04:00:00,0.0
2019-09-07 05:00:00,0.0
2019-09-07 06:00:00,0.0
2019-09-07 07:00:00,0.017505589791132682
2019-09-07 08:00:00,0.3680536619948737
2019-09-07 09:00:00,0.8401592408790969
2019-09-07 10:00:00,0.8913126465615968
2019-09-07 11:00:00,0.9615531439166712
2019-09-07 12:00:00,0.9307411245023722
2019-09-07 13:00:00,0.9427387249822763
2019-09-07 14:00:00,0.8831869989638436
2019-09-07 15:00:00,0.8620821290287397
2019-09-07 16:00:00,0.8398320335932813
2019-09-07 17:00:00,0.7753176637399792
2019-09-07 18:00:00,0.5326389267601025
2019-09-07 19:00:00,0.09123629819490647
2019-09-07 20:00:00,0.0
2019-09-07 21:00:00,0.0
2019-09-07 22:00:00,0.0
2019-09-07 23:00:00,0.0
2019-09-08 00:00:00,0.0
2019-09-08 01:00:00,0.0
2019-09-08 02:00:00,0.0
2019-09-08 03:00:00,0.0
2019-09-08 04:00:00,0.0
2019-09-08 05:00:00,0.0
2019-09-08 06:00:00,0.0
2019-09-08 07:00:00,0.010852374979549544
2019-09-08 08:00:00,0.265746850629874
2019-09-08 09:00:00,0.6812455690680046
2019-09-08 10:00:00,0.8914762502045046
2019-09-08 11:00:00,0.9113813600916181
2019-09-08 12:00:00,0.9506462343894857
2019-09-08 13:00:00,0.9602443147734089
2019-09-08 14:00:00,0.9075094072094672
2019-09-08 15:00:00,0.870862191198124
2019-09-08 16:00:00,0.80182145389104
2019-09-08 17:00:00,0.7281452800349021
2019-09-08 18:00:00,0.304084637617931
2019-09-08 19:00:00,0.03212084855756121
2019-09-08 20:00:00,0.0
2019-09-08 21:00:00,0.0
2019-09-08 22:00:00,0.0
2019-09-08 23:00:00,0.0
2019-09-09 00:00:00,0.0
2019-09-09 01:00:00,0.0
2019-09-09 02:00:00,0.0
2019-09-09 03:00:00,0.0
2019-09-09 04:00:00,0.0
2019-09-09 05:00:00,0.0
2019-09-09 06:00:00,0.0
2019-09-09 07:00:00,0.012979222337350712
2019-09-09 08:00:00,0.177946228936031
2019-09-09 09:00:00,0.3244805584337678
2019-09-09 10:00:00,0.4843213175546709
2019-09-09 11:00:00,0.6114958826416534
2019-09-09 12:00:00,0.704913562741997
2019-09-09 13:00:00,0.6039155805202596
2019-09-09 14:00:00,0.5866281289196706
2019-09-09 15:00:00,0.6095326389267601
2019-09-09 16:00:00,0.46632491683481486
2019-09-09 17:00:00,0.3136281834542183
2019-09-09 18:00:00,0.14402574030648416
2019-09-09 19:00:00,0.024649615531439167
2019-09-09 20:00:00,0.0
2019-09-09 21:00:00,0.0
2019-09-09 22:00:00,0.0
2019-09-09 23:00:00,0.0
2019-09-10 00:00:00,0.0
2019-09-10 01:00:00,0.0
2019-09-10 02:00:00,0.0
2019-09-10 03:00:00,0.0
2019-09-10 04:00:00,0.0
2019-09-10 05:00:00,0.0
2019-09-10 06:00:00,0.0
2019-09-10 07:00:00,0.008507389431204668
2019-09-10 08:00:00,0.1281561869444293
2019-09-10 09:00:00,0.33653269346130776
2019-09-10 10:00:00,0.44238425042264273
2019-09-10 11:00:00,0.5303484757593936
2019-09-10 12:00:00,0.6947156023340787
2019-09-10 13:00:00,0.7319626983694171
2019-09-10 14:00:00,0.7763538201450618
2019-09-10 15:00:00,0.704259148170366
2019-09-10 16:00:00,0.6745378197087856
2019-09-10 17:00:00,0.4857937503408409
2019-09-10 18:00:00,0.22168293614004472
2019-09-10 19:00:00,0.041991601679664065
2019-09-10 20:00:00,0.0
2019-09-10 21:00:00,0.0
2019-09-10 22:00:00,0.0
2019-09-10 23:00:00,0.0
2019-09-11 00:00:00,0.0
2019-09-11 01:00:00,0.0
2019-09-11 02:00:00,0.0
2019-09-11 03:00:00,0.0
2019-09-11 04:00:00,0.0
2019-09-11 05:00:00,0.0
2019-09-11 06:00:00,0.0
2019-09-11 07:00:00,0.006326007525767573
2019-09-11 08:00:00,0.19501554234607624
2019-09-11 09:00:00,0.5056443256803185
2019-09-11 10:00:00,0.647870425914817
2019-09-11 11:00:00,0.7836069149806403
2019-09-11 12:00:00,0.8984021377542674
2019-09-11 13:00:00,0.8764247150569885
2019-09-11 14:00:00,0.662867426514697
2019-09-11 15:00:00,0.6364727054589081
2019-09-11 16:00:00,0.3287342531493701
2019-09-11 17:00:00,0.20379560451546053
2019-09-11 18:00:00,0.10879642253367508
2019-09-11 19:00:00,0.01690570976713748
2019-09-11 20:00:00,0.0
2019-09-11 21:00:00,0.0
2019-09-11 22:00:00,0.0
2019-09-11 23:00:00,0.0
2019-09-12 00:00:00,0.0
2019-09-12 01:00:00,0.0
2019-09-12 02:00:00,0.0
2019-09-12 03:00:00,0.0
2019-09-12 04:00:00,0.0
2019-09-12 05:00:00,0.0
2019-09-12 06:00:00,0.0
2019-09-12 07:00:00,0.013851775099525548
2019-09-12 08:00:00,0.2761629492283361
2019-09-12 09:00:00,0.7155477995310028
2019-09-12 10:00:00,0.7990401919616077
2019-09-12 11:00:00,0.8726072967224736
2019-09-12 12:00:00,0.933195179145989
2019-09-12 13:00:00,0.9348857501227027
2019-09-12 14:00:00,0.9244696515242407
2019-09-12 15:00:00,0.8568468124556907
2019-09-12 16:00:00,0.7509952554943556
2019-09-12 17:00:00,0.5253312973768882
2019-09-12 18:00:00,0.24077002781261927
2019-09-12 19:00:00,0.04041009979822217
2019-09-12 20:00:00,0.0
2019-09-12 21:00:00,0.0
2019-09-12 22:00:00,0.0
2019-09-12 23:00:00,0.0
2019-09-13 00:00:00,0.0
2019-09-13 01:00:00,0.0
2019-09-13 02:00:00,0.0
2019-09-13 03:00:00,0.0
2019-09-13 04:00:00,0.0
2019-09-13 05:00:00,0.0
2019-09-13 06:00:00,0.0
2019-09-13 07:00:00,0.007798440311937612
2019-09-13 08:00:00,0.162894693788515
2019-09-13 09:00:00,0.6126956426896438
2019-09-13 10:00:00,0.789005835196597
2019-09-13 11:00:00,0.8407591209030921
2019-09-13 12:00:00,0.8032393521295741
2019-09-13 13:00:00,0.8366690298303976
2019-09-13 14:00:00,0.8277798985657414
2019-09-13 15:00:00,0.8509570813110106
2019-09-13 16:00:00,0.696678846048972
2019-09-13 17:00:00,0.5487266183127011
2019-09-13 18:00:00,0.38686808092926867
2019-09-13 19:00:00,0.04291868898947483
2019-09-13 20:00:00,0.0
2019-09-13 21:00:00,0.0
2019-09-13 22:00:00,0.0
2019-09-13 23:00:00,0.0
2019-09-14 00:00:00,0.0
2019-09-14 01:00:00,0.0
2019-09-14 02:00:00,0.0
2019-09-14 03:00:00,0.0
2019-09-14 04:00:00,0.0
2019-09-14 05:00:00,0.0
2019-09-14 06:00:00,0.0
2019-09-14 07:00:00,0.012542945956263292
2019-09-14 08:00:00,0.3417134754867208
2019-09-14 09:00:00,0.856519605169875
2019-09-14 10:00:00,0.9679882205377106
2019-09-14 11:00:00,0.9857664830670229
2019-09-14 12:00:00,0.9608987293450401
2019-09-14 13:00:00,0.9184163167366526
2019-09-14 14:00:00,0.8359055461634946
2019-09-14 15:00:00,0.8299612804711786
2019-09-14 16:00:00,0.8572830888367781
2019-09-14 17:00:00,0.7542673283525112
2019-09-14 18:00:00,0.48808420134154984
2019-09-14 19:00:00,0.06309647161476796
2019-09-14 20:00:00,0.0
2019-09-14 21:00:00,0.0
2019-09-14 22:00:00,0.0
2019-09-14 23:00:00,0.0
2019-09-15 00:00:00,0.0
2019-09-15 01:00:00,0.0
2019-09-15 02:00:00,0.0
2019-09-15 03:00:00,0.0
2019-09-15 04:00:00,0.0
2019-09-15 05:00:00,0.0
2019-09-15 06:00:00,0.0
2019-09-15 07:00:00,0.011343185908272891
2019-09-15 08:00:00,0.3264438021486612
2019-09-15 09:00:00,0.8419588809510825
2019-09-15 10:00:00,0.967006598680264
2019-09-15 11:00:00,0.9835305666139499
2019-09-15 12:00:00,0.9750777117303812
2019-09-15 13:00:00,0.9351038883132464
2019-09-15 14:00:00,0.8787151660576975
2019-09-15 15:00:00,0.8979658613731798
2019-09-15 16:00:00,0.8471941975241315
2019-09-15 17:00:00,0.7628292523313519
2019-09-15 18:00:00,0.47286906255112615
2019-09-15 19:00:00,0.059769864208976384
2019-09-15 20:00:00,0.0
2019-09-15 21:00:00,0.0
2019-09-15 22:00:00,0.0
2019-09-15 23:00:00,0.0
2019-09-16 00:00:00,0.0
2019-09-16 01:00:00,0.0
2019-09-16 02:00:00,0.0
2019-09-16 03:00:00,0.0
2019-09-16 04:00:00,0.0
2019-09-16 05:00:00,0.0
2019-09-16 06:00:00,0.0
2019-09-16 07:00:00,0.013688171456617769
2019-09-16 08:00:00,0.3231171947428696
2019-09-16 09:00:00,0.8526476522877242
2019-09-16 10:00:00,0.8062387522495501
2019-09-16 11:00:00,0.933195179145989
2019-09-16 12:00:00,0.8931668211812183
2019-09-16 13:00:00,0.8522113759066369
2019-09-16 14:00:00,0.7998036756285106
2019-09-16 15:00:00,0.7177291814364399
2019-09-16 16:00:00,0.5838468669902382
2019-09-16 17:00:00,0.5706495064623439
2019-09-16 18:00:00,0.45132791623493485
2019-09-16 19:00:00,0.07683917761902165
2019-09-16 20:00:00,0.0
2019-09-16 21:00:00,0.0
2019-09-16 22:00:00,0.0
2019-09-16 23:00:00,0.0
2019-09-17 00:00:00,0.0
2019-09-17 01:00:00,0.0
2019-09-17 02:00:00,0.0
2019-09-17 03:00:00,0.0
2019-09-17 04:00:00,0.0
2019-09-17 05:00:00,0.0
2019-09-17 06:00:00,0.0
2019-09-17 07:00:00,0.010197960407918415
2019-09-17 08:00:00,0.3233353329334133
2019-09-17 09:00:00,0.8435403828325243
2019-09-17 10:00:00,0.95648143098653
2019-09-17 11:00:00,0.966297649560997
2019-09-17 12:00:00,0.9558815509625347
2019-09-17 13:00:00,0.9458471941975242
2019-09-17 14:00:00,0.8980203959208158
2019-09-17 15:00:00,0.8166003163003763
2019-09-17 16:00:00,0.7310356110596062
2019-09-17 17:00:00,0.764247150569886
2019-09-17 18:00:00,0.48933849593717615
2019-09-17 19:00:00,0.0656050608060206
2019-09-17 20:00:00,0.0
2019-09-17 21:00:00,0.0
2019-09-17 22:00:00,0.0
2019-09-17 23:00:00,0.0
2019-09-18 00:00:00,0.0
2019-09-18 01:00:00,0.0
2019-09-18 02:00:00,0.0
2019-09-18 03:00:00,0.0
2019-09-18 04:00:00,0.0
2019-09-18 05:00:00,0.0
2019-09-18 06:00:00,0.0
2019-09-18 07:00:00,0.008507389431204668
2019-09-18 08:00:00,0.31684572176473796
2019-09-18 09:00:00,0.8242351529694062
2019-09-18 10:00:00,0.9093635818290887
2019-09-18 11:00:00,0.9254512733816873
2019-09-18 12:00:00,0.9124720510443366
2019-09-18 13:00:00,0.9179800403555652
2019-09-18 14:00:00,0.9010743305884277
2019-09-18 15:00:00,0.7923324426023887
2019-09-18 16:00:00,0.7962589300321753
2019-09-18 17:00:00,0.6569231608223809
2019-09-18 18:00:00,0.30277580847466873
2019-09-18 19:00:00,0.023231717292905057
2019-09-18 20:00:00,0.0
2019-09-18 21:00:00,0.0
2019-09-18 22:00:00,0.0
2019-09-18 23:00:00,0.0
2019-09-19 00:00:00,0.0
2019-09-19 01:00:00,0.0
2019-09-19 02:00:00,0.0
2019-09-19 03:00:00,0.0
2019-09-19 04:00:00,0.0
2019-09-19 05:00:00,0.0
2019-09-19 06:00:00,0.0
2019-09-19 07:00:00,0.006762283906854993
2019-09-19 08:00:00,0.19152533129737687
2019-09-19 09:00:00,0.5931722746359819
2019-09-19 10:00:00,0.7968042755085346
2019-09-19 11:00:00,0.8480667502863063
2019-09-19 12:00:00,0.8199269237061678
2019-09-19 13:00:00,0.810001636036429
2019-09-19 14:00:00,0.728254349130174
2019-09-19 15:00:00,0.6129683154278235
2019-09-19 16:00:00,0.3449855483448765
2019-09-19 17:00:00,0.26307465779571354
2019-09-19 18:00:00,0.1819817854610896
2019-09-19 19:00:00,0.03413862682009053
2019-09-19 20:00:00,0.0
2019-09-19 21:00:00,0.0
2019-09-19 22:00:00,0.0
2019-09-19 23:00:00,0.0
2019-09-20 00:00:00,0.0
2019-09-20 01:00:00,0.0
2019-09-20 02:00:00,0.0
2019-09-20 03:00:00,0.0
2019-09-20 04:00:00,0.0
2019-09-20 05:00:00,0.0
2019-09-20 06:00:00,0.0
2019-09-20 07:00:00,0.003326607405791569
2019-09-20 08:00:00,0.19599716420352292
2019-09-20 09:00:00,0.5421279380487539
2019-09-20 10:00:00,0.6715384195888096
2019-09-20 11:00:00,0.8156186944429296
2019-09-20 12:00:00,0.8832415335114795
2019-09-20 13:00:00,0.8765883186998964
2019-09-20 14:00:00,0.8259257239461198
2019-09-20 15:00:00,0.7013142825980259
2019-09-20 16:00:00,0.3803784697605933
2019-09-20 17:00:00,0.1662213011943066
2019-09-20 18:00:00,0.09058188362327534
2019-09-20 19:00:00,0.014560724218792604
2019-09-20 20:00:00,0.0
2019-09-20 21:00:00,0.0
2019-09-20 22:00:00,0.0
2019-09-20 23:00:00,0.0
2019-09-21 00:00:00,0.0
2019-09-21 01:00:00,0.0
2019-09-21 02:00:00,0.0
2019-09-21 03:00:00,0.0
2019-09-21 04:00:00,0.0
2019-09-21 05:00:00,0.0
2019-09-21 06:00:00,0.0
2019-09-21 07:00:00,0.002617658286524513
2019-09-21 08:00:00,0.06500518078202541
2019-09-21 09:00:00,0.12946501608769156
2019-09-21 10:00:00,0.2530948355783389
2019-09-21 11:00:00,0.4157713911763102
2019-09-21 12:00:00,0.47357801167039315
2019-09-21 13:00:00,0.4314773408954573
2019-09-21 14:00:00,0.44489283961389536
2019-09-21 15:00:00,0.46316191307193105
2019-09-21 16:00:00,0.3829415934994819
2019-09-21 17:00:00,0.2564759775317664
2019-09-21 18:00:00,0.07858428314337132
2019-09-21 19:00:00,0.0018541746196215302
2019-09-21 20:00:00,0.0
2019-09-21 21:00:00,0.0
2019-09-21 22:00:00,0.0
2019-09-21 23:00:00,0.0
2019-09-22 00:00:00,0.0
2019-09-22 01:00:00,0.0
2019-09-22 02:00:00,0.0
2019-09-22 03:00:00,0.0
2019-09-22 04:00:00,0.0
2019-09-22 05:00:00,0.0
2019-09-22 06:00:00,0.0
2019-09-22 07:00:00,0.0035447455963352782
2019-09-22 08:00:00,0.09843485848284889
2019-09-22 09:00:00,0.30544800130882915
2019-09-22 10:00:00,0.5638872225554888
2019-09-22 11:00:00,0.7041500790750941
2019-09-22 12:00:00,0.6482521677482685
2019-09-22 13:00:00,0.7767900965261494
2019-09-22 14:00:00,0.8200359928014397
2019-09-22 15:00:00,0.7216011343185909
2019-09-22 16:00:00,0.5605060806020614
2019-09-22 17:00:00,0.48606642307902054
2019-09-22 18:00:00,0.3341877079129628
2019-09-22 19:00:00,0.024104270055079893
2019-09-22 20:00:00,0.0
2019-09-22 21:00:00,0.0
2019-09-22 22:00:00,0.0
2019-09-22 23:00:00,0.0
2019-09-23 00:00:00,0.0
2019-09-23 01:00:00,0.0
2019-09-23 02:00:00,0.0
2019-09-23 03:00:00,0.0
2019-09-23 04:00:00,0.0
2019-09-23 05:00:00,0.0
2019-09-23 06:00:00,0.0
2019-09-23 07:00:00,0.0056170584065005184
2019-09-23 08:00:00,0.2227190925451273
2019-09-23 09:00:00,0.5999890930904728
2019-09-23 10:00:00,0.6189125811201397
2019-09-23 11:00:00,0.7231281016523968
2019-09-23 12:00:00,0.7649560996891531
2019-09-23 13:00:00,0.8997655014451655
2019-09-23 14:00:00,0.7765719583356055
2019-09-23 15:00:00,0.5489992910508807
2019-09-23 16:00:00,0.45579974914108085
2019-09-23 17:00:00,0.3375143153187544
2019-09-23 18:00:00,0.18825325843922125
2019-09-23 19:00:00,0.028139826580138517
2019-09-23 20:00:00,0.0
2019-09-23 21:00:00,0.0
2019-09-23 22:00:00,0.0
2019-09-23 23:00:00,0.0
2019-09-24 00:00:00,0.0
2019-09-24 01:00:00,0.0
2019-09-24 02:00:00,0.0
2019-09-24 03:00:00,0.0
2019-09-24 04:00:00,0.0
2019-09-24 05:00:00,0.0
2019-09-24 06:00:00,0.0
2019-09-24 07:00:00,0.0037083492392430604
2019-09-24 08:00:00,0.22577302721273926
2019-09-24 09:00:00,0.7174019741506245
2019-09-24 10:00:00,0.8867317445601789
2019-09-24 11:00:00,0.9431750013633636
2019-09-24 12:00:00,0.9347221464797949
2019-09-24 13:00:00,0.9377760811474068
2019-09-24 14:00:00,0.8792605115340568
2019-09-24 15:00:00,0.8391230844740143
2019-09-24 16:00:00,0.6062060315209684
2019-09-24 17:00:00,0.4651251567868244
2019-09-24 18:00:00,0.30773845230953806
2019-09-24 19:00:00,0.016796640671865627
2019-09-24 20:00:00,0.0
2019-09-24 21:00:00,0.0
2019-09-24 22:00:00,0.0
2019-09-24 23:00:00,0.0
2019-09-25 00:00:00,0.0
2019-09-25 01:00:00,0.0
2019-09-25 02:00:00,0.0
2019-09-25 03:00:00,0.0
2019-09-25 04:00:00,0.0
2019-09-25 05:00:00,0.0
2019-09-25 06:00:00,0.0
2019-09-25 07:00:00,0.006271472978131646
2019-09-25 08:00:00,0.19828761520423188
2019-09-25 09:00:00,0.5997164203522932
2019-09-25 10:00:00,0.9021650215411463
2019-09-25 11:00:00,0.957190380105797
2019-09-25 12:00:00,0.966134045918089
2019-09-25 13:00:00,0.9539183072476414
2019-09-25 14:00:00,0.9191252658559198
2019-09-25 15:00:00,0.9223428041664394
2019-09-25 16:00:00,0.8594099361945793
2019-09-25 17:00:00,0.6553961934885749
2019-09-25 18:00:00,0.3911763101925069
2019-09-25 19:00:00,0.039319408845503626
2019-09-25 20:00:00,0.0
2019-09-25 21:00:00,0.0
2019-09-25 22:00:00,0.0
2019-09-25 23:00:00,0.0
2019-09-26 00:00:00,0.0
2019-09-26 01:00:00,0.0
2019-09-26 02:00:00,0.0
2019-09-26 03:00:00,0.0
2019-09-26 04:00:00,0.0
2019-09-26 05:00:00,0.0
2019-09-26 06:00:00,0.0
2019-09-26 07:00:00,0.005344385668320881
2019-09-26 08:00:00,0.2918143643998473
2019-09-26 09:00:00,0.8374870480449365
2019-09-26 10:00:00,0.9311228663358238
2019-09-26 11:00:00,0.9623711621312101
2019-09-26 12:00:00,0.95942629655887
2019-09-26 13:00:00,0.947483230626602
2019-09-26 14:00:00,0.9336859900747122
2019-09-26 15:00:00,0.9471560233407863
2019-09-26 16:00:00,0.8777335442002508
2019-09-26 17:00:00,0.7098216720292304
2019-09-26 18:00:00,0.4352947592299722
2019-09-26 19:00:00,0.03255712493864864
2019-09-26 20:00:00,0.0
2019-09-26 21:00:00,0.0
2019-09-26 22:00:00,0.0
2019-09-26 23:00:00,0.0
2019-09-27 00:00:00,0.0
2019-09-27 01:00:00,0.0
2019-09-27 02:00:00,0.0
2019-09-27 03:00:00,0.0
2019-09-27 04:00:00,0.0
2019-09-27 05:00:00,0.0
2019-09-27 06:00:00,0.0
2019-09-27 07:00:00,0.004689971096689753
2019-09-27 08:00:00,0.2817800076348367
2019-09-27 09:00:00,0.7781534602170476
2019-09-27 10:00:00,0.9064732508043846
2019-09-27 11:00:00,0.9843485848284889
2019-09-27 12:00:00,0.9785133882314446
2019-09-27 13:00:00,0.9697878606096962
2019-09-27 14:00:00,0.9605169875115885
2019-09-27 15:00:00,0.9486829906745923
2019-09-27 16:00:00,0.8784970278671539
2019-09-27 17:00:00,0.8079838577738997
2019-09-27 18:00:00,0.3752522222828162
2019-09-27 19:00:00,0.024158804602715817
2019-09-27 20:00:00,0.0
2019-09-27 21:00:00,0.0
2019-09-27 22:00:00,0.0
2019-09-27 23:00:00,0.0
2019-09-28 00:00:00,0.0
2019-09-28 01:00:00,0.0
2019-09-28 02:00:00,0.0
2019-09-28 03:00:00,0.0
2019-09-28 04:00:00,0.0
2019-09-28 05:00:00,0.0
2019-09-28 06:00:00,0.0
2019-09-28 07:00:00,0.00289033102470415
2019-09-28 08:00:00,0.1908163821781098
2019-09-28 09:00:00,0.49201068877133664
2019-09-28 10:00:00,0.6859355401646943
2019-09-28 11:00:00,0.8291977968042755
2019-09-28 12:00:00,0.7988765883186999
2019-09-28 13:00:00,0.7449419207067677
2019-09-28 14:00:00,0.5568522659104542
2019-09-28 15:00:00,0.5217865517805529
2019-09-28 16:00:00,0.48748432131755465
2019-09-28 17:00:00,0.5220592245187325
2019-09-28 18:00:00,0.2618203632000873
2019-09-28 19:00:00,0.014833396956972241
2019-09-28 20:00:00,0.0
2019-09-28 21:00:00,0.0
2019-09-28 22:00:00,0.0
2019-09-28 23:00:00,0.0
2019-09-29 00:00:00,0.0
2019-09-29 01:00:00,0.0
2019-09-29 02:00:00,0.0
2019-09-29 03:00:00,0.0
2019-09-29 04:00:00,0.0
2019-09-29 05:00:00,0.0
2019-09-29 06:00:00,0.0
2019-09-29 07:00:00,0.0014724327861700389
2019-09-29 08:00:00,0.09139990183781425
2019-09-29 09:00:00,0.24327861700387196
2019-09-29 10:00:00,0.29552271363909033
2019-09-29 11:00:00,0.33893221355728853
2019-09-29 12:00:00,0.37143480394830125
2019-09-29 13:00:00,0.3819599716420352
2019-09-29 14:00:00,0.43491301739652066
2019-09-29 15:00:00,0.4705786115504172
2019-09-29 16:00:00,0.4032829797676828
2019-09-29 17:00:00,0.29710421552053223
2019-09-29 18:00:00,0.1389540273763429
2019-09-29 19:00:00,0.007798440311937612
2019-09-29 20:00:00,0.0
2019-09-29 21:00:00,0.0
2019-09-29 22:00:00,0.0
2019-09-29 23:00:00,0.0
2019-09-30 00:00:00,0.0
2019-09-30 01:00:00,0.0
2019-09-30 02:00:00,0.0
2019-09-30 03:00:00,0.0
2019-09-30 04:00:00,0.0
2019-09-30 05:00:00,0.0
2019-09-30 06:00:00,0.0
2019-09-30 07:00:00,0.0016905709767137483
2019-09-30 08:00:00,0.07880242133391503
2019-09-30 09:00:00,0.220701314282598
2019-09-30 10:00:00,0.21639308501935978
2019-09-30 11:00:00,0.26536510879642256
2019-09-30 12:00:00,0.3542018868953482
2019-09-30 13:00:00,0.4722691825271309
2019-09-30 14:00:00,0.43671265746850624
2019-09-30 15:00:00,0.4808856410536074
2019-09-30 16:00:00,0.3972841795277308
2019-09-30 17:00:00,0.2922506407809347
2019-09-30 18:00:00,0.1460435185690135
2019-09-30 19:00:00,0.007907509407209468
2019-09-30 20:00:00,0.0
2019-09-30 21:00:00,0.0
2019-09-30 22:00:00,0.0
2019-09-30 23:00:00,0.0
